aCompCor00,aCompCor01,aCompCor02,aCompCor03,aCompCor04,aCompCor05,X,Y,Z,RotX,RotY,RotZ,Xsq,Ysq,Zsq,RotXsq,RotYsq,RotZsq,X_t-1,Y_t-1,Z_t-1,RotX_t-1,RotY_t-1,RotZ_t-1,Xsq_t-1,Ysq_t-1,Zsq_t-1,RotXsq_t-1,RotYsq_t-1,RotZsq_t-1
0.0,0.0,0.0,0.0,0.0,0.0,-6.048709999999999e-10,0.0,2.44825e-10,0.0,7.19281e-05,0.0,3.658689266409999e-19,0.0,5.9939280625e-20,0.0,5.17365156961e-09,0.0,0.0,0.0,0.0,0.0,0.0,0.0,0.0,0.0,0.0,0.0,0.0,0.0
-0.0105837728,-0.0712172615,0.027668963900000003,-0.0006502937,0.0617967333,-0.1634838347,0.014428899999999998,-3.1673900000000005e-06,5.004280000000001e-06,9.6194e-05,0.000129524,0.00011848400000000005,0.00020819315520999995,1.0032359412100003e-11,2.504281831840001e-11,9.253285635999999e-09,1.6776466576e-08,1.4038458256000012e-08,-6.048709999999999e-10,0.0,2.44825e-10,0.0,7.19281e-05,0.0,3.658689266409999e-19,0.0,5.9939280625e-20,0.0,5.17365156961e-09,0.0
-0.1076354918,-0.0069403577,0.0603296395,0.08512846689999999,-0.0687163703,0.0789394913,0.00457649,1.27412e-05,-1.2570399999999999e-05,-0.000410765,-0.0,0.0,2.0944260720099998e-05,1.6233817744e-10,1.5801495615999997e-10,1.68727885225e-07,0.0,0.0,0.014428899999999998,-3.1673900000000005e-06,5.004280000000001e-06,9.6194e-05,0.000129524,0.00011848400000000005,0.00020819315520999995,1.0032359412100003e-11,2.504281831840001e-11,9.253285635999999e-09,1.6776466576e-08,1.4038458256000012e-08
-0.0142797851,0.0963868282,0.1180246058,-0.1200125567,-0.076155036,0.0356574558,0.00800411,0.00881229,0.0187412,0.00011414500000000005,-0.0,0.0,6.40657768921e-05,7.76564550441e-05,0.00035123257744,1.3029081025000012e-08,0.0,0.0,0.00457649,1.27412e-05,-1.2570399999999999e-05,-0.000410765,-0.0,0.0,2.0944260720099998e-05,1.6233817744e-10,1.5801495615999997e-10,1.68727885225e-07,0.0,0.0
0.0593340689,0.083085638,0.0007571295,0.0373403833,-0.0610586794,-0.043326913,0.00493359,0.00044319300000000004,-1.2570399999999999e-05,-0.000410765,-0.0,0.0,2.4340310288099997e-05,1.9642003524900003e-07,1.5801495615999997e-10,1.68727885225e-07,0.0,0.0,0.00800411,0.00881229,0.0187412,0.00011414500000000005,-0.0,0.0,6.40657768921e-05,7.76564550441e-05,0.00035123257744,1.3029081025000012e-08,0.0,0.0
0.1038489784,-0.081009709,0.0631740667,-0.051045033200000006,-0.0503326355,-0.0076426143,0.0,0.00605451,0.022249500000000002,-0.00020042,-0.0,0.0,0.0,3.66570913401e-05,0.0004950402502500001,4.01681764e-08,0.0,0.0,0.00493359,0.00044319300000000004,-1.2570399999999999e-05,-0.000410765,-0.0,0.0,2.4340310288099997e-05,1.9642003524900003e-07,1.5801495615999997e-10,1.68727885225e-07,0.0,0.0
-0.1015766067,-0.08872265480000001,-0.0320958961,0.0689615034,-0.0150129051,0.0385344721,0.0277022,0.00560402,0.0047159,-0.000217979,0.00011718299999999999,0.000176724,0.00076741188484,3.1405040160400005e-05,2.2239712810000002e-05,4.7514844441000003e-08,1.3731855488999999e-08,3.1231372176e-08,0.0,0.00605451,0.022249500000000002,-0.00020042,-0.0,0.0,0.0,3.66570913401e-05,0.0004950402502500001,4.01681764e-08,0.0,0.0
-0.0849047411,0.0937559284,-0.0056613983,-0.0559140192,-0.0190469745,0.07749013910000001,0.0,0.000662497,0.011576000000000001,-0.000410765,-0.0,0.0,0.0,4.389022750089999e-07,0.00013400377600000004,1.68727885225e-07,0.0,0.0,0.0277022,0.00560402,0.0047159,-0.000217979,0.00011718299999999999,0.000176724,0.00076741188484,3.1405040160400005e-05,2.2239712810000002e-05,4.7514844441000003e-08,1.3731855488999999e-08,3.1231372176e-08
0.0667130837,0.0731042701,0.0102368177,-0.0623862631,0.1319359188,0.0522156652,0.0248273,0.0006952060000000001,0.0171577,0.000103595,0.000514708,0.0,0.00061639482529,4.833113824360001e-07,0.00029438666929000005,1.0731924025e-08,2.64924325264e-07,0.0,0.0,0.000662497,0.011576000000000001,-0.000410765,-0.0,0.0,0.0,4.389022750089999e-07,0.00013400377600000004,1.68727885225e-07,0.0,0.0
0.0521262951,0.0538780905,-0.1174108453,0.127757171,0.0038874902,0.0746435908,0.0104512,0.000662495,0.0160938,-0.000410765,0.000197191,0.0,0.00010922758144000002,4.3889962502500003e-07,0.00025901039843999996,1.68727885225e-07,3.888429048099999e-08,0.0,0.0248273,0.0006952060000000001,0.0171577,0.000103595,0.000514708,0.0,0.00061639482529,4.833113824360001e-07,0.00029438666929000005,1.0731924025e-08,2.64924325264e-07,0.0
0.106178861,-0.0936969159,0.0425809525,-0.0677507826,0.0505273946,0.0985034951,0.018829,-0.0036731000000000003,0.031155900000000004,7.737859999999999e-05,0.000332637,0.00013927600000000005,0.00035453124099999996,1.3491663610000002e-05,0.0009706901048100003,5.987447737959999e-09,1.10647373769e-07,1.9397804176000016e-08,0.0104512,0.000662495,0.0160938,-0.000410765,0.000197191,0.0,0.00010922758144000002,4.3889962502500003e-07,0.00025901039843999996,1.68727885225e-07,3.888429048099999e-08,0.0
-0.0318142356,-0.1051961246,-0.1188202862,0.06269938650000001,-0.008960855799999999,0.0232963142,0.0248324,-0.015073900000000001,1.18551e-05,-3.77725e-05,-0.0,0.000421439,0.00061664808976,0.00022722246121000003,1.4054339600999998e-10,1.4267617562499998e-09,0.0,1.77610830721e-07,0.018829,-0.0036731000000000003,0.031155900000000004,7.737859999999999e-05,0.000332637,0.00013927600000000005,0.00035453124099999996,1.3491663610000002e-05,0.0009706901048100003,5.987447737959999e-09,1.10647373769e-07,1.9397804176000016e-08
-0.0937739073,-0.0637162733,-0.0948400267,-0.06538483889999999,-0.0571596226,0.1497513293,0.0161303,-0.0143369,-1.1679100000000001e-05,-0.000410765,0.000136754,0.00035487199999999995,0.00026018657809,0.00020554670161,1.3640137681000003e-10,1.68727885225e-07,1.8701656515999998e-08,1.2593413638399996e-07,0.0248324,-0.015073900000000001,1.18551e-05,-3.77725e-05,-0.0,0.000421439,0.00061664808976,0.00022722246121000003,1.4054339600999998e-10,1.4267617562499998e-09,0.0,1.77610830721e-07
-0.0989921931,0.0244534221,-0.0481267187,-0.145942682,0.0505827573,0.0041356151,0.0248208,-0.00644816,-3.11461e-06,7.48392e-05,-0.0,0.000485919,0.00061607211264,4.15787673856e-05,9.7007954521e-12,5.600905856640001e-09,0.0,2.3611727456100002e-07,0.0161303,-0.0143369,-1.1679100000000001e-05,-0.000410765,0.000136754,0.00035487199999999995,0.00026018657809,0.00020554670161,1.3640137681000003e-10,1.68727885225e-07,1.8701656515999998e-08,1.2593413638399996e-07
-0.0114289977,0.1101617534,-0.1470310008,0.06040145280000001,0.0599652621,-0.0036758128,0.0248192,-0.010835,4.17899e-06,-0.000216094,0.000106431,0.000485919,0.0006159926886399999,0.00011739722499999998,1.74639574201e-11,4.669661683600001e-08,1.1327557761e-08,2.3611727456100002e-07,0.0248208,-0.00644816,-3.11461e-06,7.48392e-05,-0.0,0.000485919,0.00061607211264,4.15787673856e-05,9.7007954521e-12,5.600905856640001e-09,0.0,2.3611727456100002e-07
0.129609076,-0.0575920809,-0.0325205065,-0.1384323456,0.0377483441,0.0365622366,0.014828899999999999,-0.0208319,0.00375274,-0.000410765,0.000180772,0.000265844,0.00021989627520999997,0.00043396805761,1.4083057507600001e-05,1.68727885225e-07,3.2678515984e-08,7.0673032336e-08,0.0248192,-0.010835,4.17899e-06,-0.000216094,0.000106431,0.000485919,0.0006159926886399999,0.00011739722499999998,1.74639574201e-11,4.669661683600001e-08,1.1327557761e-08,2.3611727456100002e-07
0.0438286828,-0.030252945,-0.1219023372,0.0284038254,0.0094406142,-0.0057370559,0.0489049,-0.020778900000000003,0.00497822,0.00101326,1.0587899999999999e-22,0.000855815,0.00239168924401,0.0004317626852100001,2.4782674368400004e-05,1.0266958275999999e-06,1.1210362640999998e-44,7.32419314225e-07,0.014828899999999999,-0.0208319,0.00375274,-0.000410765,0.000180772,0.000265844,0.00021989627520999997,0.00043396805761,1.4083057507600001e-05,1.68727885225e-07,3.2678515984e-08,7.0673032336e-08
0.06174388190000001,-0.0803401139,-0.1279256975,-0.0275245173,-0.0113077742,0.0836376356,0.0269993,-0.020890400000000003,0.00675306,-0.00042045900000000003,-0.00023196799999999999,0.000245713,0.00072896220049,0.00043640881216000017,4.5603819363599996e-05,1.7678577068100003e-07,5.380915302399999e-08,6.0374878369e-08,0.0489049,-0.020778900000000003,0.00497822,0.00101326,1.0587899999999999e-22,0.000855815,0.00239168924401,0.0004317626852100001,2.4782674368400004e-05,1.0266958275999999e-06,1.1210362640999998e-44,7.32419314225e-07
-0.057102373,-0.1538225098,-0.1029385478,-0.0601771756,0.0613932472,-0.0711663593,0.0444736,-0.00195187,0.00736401,7.615189999999999e-06,-0.0,0.00045212,0.00197790109696,3.8097964969000004e-06,5.4228643280099995e-05,5.7991118736099985e-11,0.0,2.044124944e-07,0.0269993,-0.020890400000000003,0.00675306,-0.00042045900000000003,-0.00023196799999999999,0.000245713,0.00072896220049,0.00043640881216000017,4.5603819363599996e-05,1.7678577068100003e-07,5.380915302399999e-08,6.0374878369e-08
-0.1438762192,-0.0190063268,-0.038952493,-0.0557282865,0.0624564362,-0.0465422489,0.0298927,-0.0121259,0.00103999,-0.00017571200000000001,7.21129e-05,0.000296198,0.0008935735132900001,0.00014703745081000002,1.0815792001e-06,3.0874706944000004e-08,5.20027034641e-09,8.7733255204e-08,0.0444736,-0.00195187,0.00736401,7.615189999999999e-06,-0.0,0.00045212,0.00197790109696,3.8097964969000004e-06,5.4228643280099995e-05,5.7991118736099985e-11,0.0,2.044124944e-07
0.0278709411,0.0708621652,0.0449118306,-0.1409292247,0.050743199999999995,-0.0302894411,0.029876299999999998,-0.012107399999999999,0.018999000000000002,0.00031217,0.000157895,0.00035295599999999997,0.0008925933016899999,0.00014658913475999998,0.0003609620010000001,9.74501089e-08,2.4930831024999998e-08,1.2457793793599997e-07,0.0298927,-0.0121259,0.00103999,-0.00017571200000000001,7.21129e-05,0.000296198,0.0008935735132900001,0.00014703745081000002,1.0815792001e-06,3.0874706944000004e-08,5.20027034641e-09,8.7733255204e-08
0.0398988761,0.07998876490000001,-0.0919446352,0.0943238318,0.0200899995,-0.05629786990000001,0.0510686,-0.0122803,0.025757799999999997,-0.00142834,1.9955699999999999e-22,0.0009484280000000001,0.0026080019059599997,0.00015080576808999997,0.0006634642608399999,2.0401551556e-06,3.9822996248999996e-44,8.995156711840001e-07,0.029876299999999998,-0.012107399999999999,0.018999000000000002,0.00031217,0.000157895,0.00035295599999999997,0.0008925933016899999,0.00014658913475999998,0.0003609620010000001,9.74501089e-08,2.4930831024999998e-08,1.2457793793599997e-07
0.0759011721,-0.1152868006,0.0486797355,2.86089e-05,-0.0002231697,0.0455520659,0.036495400000000004,-0.012343600000000001,0.018606,-0.000105555,-0.0,0.00022087400000000003,0.0013319142211600003,0.00015236446096000004,0.00034618323600000005,1.1141858025e-08,0.0,4.8785323876000015e-08,0.0510686,-0.0122803,0.025757799999999997,-0.00142834,1.9955699999999999e-22,0.0009484280000000001,0.0026080019059599997,0.00015080576808999997,0.0006634642608399999,2.0401551556e-06,3.9822996248999996e-44,8.995156711840001e-07
-0.07428677610000001,-0.0835043726,0.0755076159,-0.0099493799,-0.0582706713,0.0189694631,0.05928099999999999,-0.010441299999999999,0.0186056,0.000205703,-0.0,0.000412031,0.003514236960999999,0.00010902074568999998,0.00034616835136,4.2313724209e-08,0.0,1.69769544961e-07,0.036495400000000004,-0.012343600000000001,0.018606,-0.000105555,-0.0,0.00022087400000000003,0.0013319142211600003,0.00015236446096000004,0.00034618323600000005,1.1141858025e-08,0.0,4.8785323876000015e-08
-0.06096126950000001,0.0988923129,-0.0238294139,-0.0373059971,-0.1408807847,0.047096469800000006,0.0301954,-0.0146567,0.018606,-0.000105555,4.90379e-24,0.000361836,0.0009117621811600001,0.00021481885489,0.00034618323600000005,1.1141858025e-08,2.40471563641e-47,1.3092529089599998e-07,0.05928099999999999,-0.010441299999999999,0.0186056,0.000205703,-0.0,0.000412031,0.003514236960999999,0.00010902074568999998,0.00034616835136,4.2313724209e-08,0.0,1.69769544961e-07
0.0665653655,0.0384803344,0.0296743599,-0.1190728122,0.0363620129,-0.1051264343,0.0364891,-0.017258000000000003,0.028609100000000002,0.000272748,-0.0,0.00056776,0.0013314544188099998,0.0002978385640000001,0.0008184806028100001,7.4391471504e-08,0.0,3.2235141760000005e-07,0.0301954,-0.0146567,0.018606,-0.000105555,4.90379e-24,0.000361836,0.0009117621811600001,0.00021481885489,0.00034618323600000005,1.1141858025e-08,2.40471563641e-47,1.3092529089599998e-07
0.0567489269,0.0303007224,-0.0865693388,0.0440428338,-0.07989959049999999,-0.1321419648,0.0364924,0.000204925,0.028606,-0.000105555,1.7409199999999994e-24,0.000128457,0.0013316952577600001,4.1994255625000006e-08,0.000818303236,1.1141858025e-08,3.030802446399998e-48,1.6501200849e-08,0.0364891,-0.017258000000000003,0.028609100000000002,0.000272748,-0.0,0.00056776,0.0013314544188099998,0.0002978385640000001,0.0008184806028100001,7.4391471504e-08,0.0,3.2235141760000005e-07
0.051057311,-0.1314572244,0.0454476664,-0.0450124634,0.0185892006,-0.1167156163,0.059746400000000005,0.00409421,0.0286158,0.000144445,0.00025,0.000385614,0.0035696323129600005,1.67625555241e-05,0.00081886400964,2.0864358024999998e-08,6.25e-08,1.48698156996e-07,0.0364924,0.000204925,0.028606,-0.000105555,1.7409199999999994e-24,0.000128457,0.0013316952577600001,4.1994255625000006e-08,0.000818303236,1.1141858025e-08,3.030802446399998e-48,1.6501200849e-08
-0.17131852690000002,-0.0155605758,0.051813969800000005,0.0190695708,-0.0055099466,-0.1482812832,0.06735269999999999,0.00410162,0.014890500000000001,-0.000105555,-0.000304877,0.000202376,0.0045363861972899985,1.6823286624400004e-05,0.00022172699025000003,1.1141858025e-08,9.2949985129e-08,4.0956045375999994e-08,0.059746400000000005,0.00409421,0.0286158,0.000144445,0.00025,0.000385614,0.0035696323129600005,1.67625555241e-05,0.00081886400964,2.0864358024999998e-08,6.25e-08,1.48698156996e-07
0.0297244925,0.1009743966,0.1471281661,-0.0487212772,-0.0816236879,-0.0265678052,0.05934069999999999,0.0006284530000000001,0.0286126,-0.000105555,0.000142587,0.000221489,0.003521318676489999,3.949531732090001e-07,0.0008186808787599999,1.1141858025e-08,2.0331052569000002e-08,4.9057377121000005e-08,0.06735269999999999,0.00410162,0.014890500000000001,-0.000105555,-0.000304877,0.000202376,0.0045363861972899985,1.6823286624400004e-05,0.00022172699025000003,1.1141858025e-08,9.2949985129e-08,4.0956045375999994e-08
0.1143162603,0.0590136086,0.12659781050000002,0.0585826441,-0.046001085,-0.0552759033,0.067346,0.00406474,0.0285827,-0.000105555,-0.00022926400000000002,0.00056776,0.0045354837160000005,1.6522111267599998e-05,0.00081697073929,1.1141858025e-08,5.2561981696000006e-08,3.2235141760000005e-07,0.05934069999999999,0.0006284530000000001,0.0286126,-0.000105555,0.000142587,0.000221489,0.003521318676489999,3.949531732090001e-07,0.0008186808787599999,1.1141858025e-08,2.0331052569000002e-08,4.9057377121000005e-08
0.0459054034,-0.008111764300000001,0.0206156581,0.1487483956,-0.16009752019999998,-0.0035502102000000008,0.049664599999999996,-0.019152799999999998,0.028599400000000004,-0.000105555,-1.40766e-05,0.00056776,0.0024665724931599996,0.0003668297478399999,0.0008179256803600003,1.1141858025e-08,1.9815066756e-10,3.2235141760000005e-07,0.067346,0.00406474,0.0285827,-0.000105555,-0.00022926400000000002,0.00056776,0.0045354837160000005,1.6522111267599998e-05,0.00081697073929,1.1141858025e-08,5.2561981696000006e-08,3.2235141760000005e-07
-0.0158875694,-0.1176508169,0.1073008466,-0.0476794679,-0.1406146854,0.1161379805,0.0682871,-0.0127472,0.028600900000000002,-0.000105555,-3.93571e-05,0.00056776,0.004663128026410001,0.00016249110784000002,0.0008180114808100001,1.1141858025e-08,1.5489813204100002e-09,3.2235141760000005e-07,0.049664599999999996,-0.019152799999999998,0.028599400000000004,-0.000105555,-1.40766e-05,0.00056776,0.0024665724931599996,0.0003668297478399999,0.0008179256803600003,1.1141858025e-08,1.9815066756e-10,3.2235141760000005e-07
-0.1011711904,0.0871190462,-0.0731868249,-0.0192800231,-0.1369021074,0.021731224,0.0680793,0.00406474,0.00709674,-0.000105555,-0.00030967099999999997,0.00056776,0.004634791088489999,1.6522111267599998e-05,5.03637186276e-05,1.1141858025e-08,9.589612824099999e-08,3.2235141760000005e-07,0.0682871,-0.0127472,0.028600900000000002,-0.000105555,-3.93571e-05,0.00056776,0.004663128026410001,0.00016249110784000002,0.0008180114808100001,1.1141858025e-08,1.5489813204100002e-09,3.2235141760000005e-07
0.1238375607,-0.0050096336,-0.0064199115,-0.1204546265,-0.0237115194,0.0305038791,0.0496727,-0.014511099999999999,0.018575499999999998,-0.000105555,-0.00021888700000000002,0.00056776,0.00246737712529,0.00021057202320999996,0.00034504920024999995,1.1141858025e-08,4.791151876900001e-08,3.2235141760000005e-07,0.0680793,0.00406474,0.00709674,-0.000105555,-0.00030967099999999997,0.00056776,0.004634791088489999,1.6522111267599998e-05,5.03637186276e-05,1.1141858025e-08,9.589612824099999e-08,3.2235141760000005e-07
0.0279464551,-0.0206957109,-0.0638062289,0.0700203511,-0.002062537,-0.0610906379,0.0572524,-0.0129219,0.021275799999999997,-0.000105555,-0.000420534,0.00056776,0.0032778373057600002,0.00016697549961,0.0004526596656399999,1.1141858025e-08,1.76848845156e-07,3.2235141760000005e-07,0.0496727,-0.014511099999999999,0.018575499999999998,-0.000105555,-0.00021888700000000002,0.00056776,0.00246737712529,0.00021057202320999996,0.00034504920024999995,1.1141858025e-08,4.791151876900001e-08,3.2235141760000005e-07
0.037459796600000005,-0.1225949761,-0.0090657274,0.0492268556,0.0229759265,0.0937363543,0.0496849,-0.0129219,0.022496099999999998,-0.000105555,0.00023319900000000001,0.00056776,0.0024685892880099997,0.00016697549961,0.0005060745152099999,1.1141858025e-08,5.4381773601000006e-08,3.2235141760000005e-07,0.0572524,-0.0129219,0.021275799999999997,-0.000105555,-0.000420534,0.00056776,0.0032778373057600002,0.00016697549961,0.0004526596656399999,1.1141858025e-08,1.76848845156e-07,3.2235141760000005e-07
-0.1172450317,-0.0695586096,-0.0160672323,-0.050827549400000005,0.052497527,-0.0104258395,0.0690231,-0.00678108,0.014783000000000001,-0.000105555,-0.00011766700000000001,0.00056776,0.004764188333610001,4.59830459664e-05,0.00021853708900000004,1.1141858025e-08,1.3845522889000002e-08,3.2235141760000005e-07,0.0496849,-0.0129219,0.022496099999999998,-0.000105555,0.00023319900000000001,0.00056776,0.0024685892880099997,0.00016697549961,0.0005060745152099999,1.1141858025e-08,5.4381773601000006e-08,3.2235141760000005e-07
-0.0558835958,0.0868078817,-0.0932523816,-0.045428082300000006,-0.0388937962,0.1616487114,0.0496898,-0.037455699999999995,0.00834435,-0.000335002,0.00016816900000000002,0.00056776,0.00246907622404,0.0014029294624899997,6.962817692250001e-05,1.12226340004e-07,2.828081256100001e-08,3.2235141760000005e-07,0.0690231,-0.00678108,0.014783000000000001,-0.000105555,-0.00011766700000000001,0.00056776,0.004764188333610001,4.59830459664e-05,0.00021853708900000004,1.1141858025e-08,1.3845522889000002e-08,3.2235141760000005e-07
0.0575418677,0.0478776208,-0.0777179268,-0.0730620256,0.0740279108,0.0562570971,0.049652800000000004,-0.016406099999999996,0.0123163,8.65428e-05,0.000296686,0.00065379,0.0024654005478400003,0.0002691601172099999,0.00015169124569000002,7.48965623184e-09,8.8022582596e-08,4.274413641e-07,0.0496898,-0.037455699999999995,0.00834435,-0.000335002,0.00016816900000000002,0.00056776,0.00246907622404,0.0014029294624899997,6.962817692250001e-05,1.12226340004e-07,2.828081256100001e-08,3.2235141760000005e-07
0.0176888396,0.0375339956,-0.1864984406,0.0972365147,0.0802403626,-0.07355571799999999,0.0326932,-0.0164072,0.0008770819999999997,-0.000105555,-7.734399999999997e-05,0.00056776,0.00106884532624,0.00026919621184,7.692728347239995e-07,1.1141858025e-08,5.982094335999995e-09,3.2235141760000005e-07,0.049652800000000004,-0.016406099999999996,0.0123163,8.65428e-05,0.000296686,0.00065379,0.0024654005478400003,0.0002691601172099999,0.00015169124569000002,7.48965623184e-09,8.8022582596e-08,4.274413641e-07
0.0472973892,-0.0829633011,0.0280307191,-0.0268122046,0.212063905,-0.056970521,0.0416739,-0.0164014,0.0285974,0.00018433400000000003,2.97131e-05,0.00056776,0.0017367139412099999,0.00026900592196,0.00081781128676,3.397902355600001e-08,8.828683116099999e-10,3.2235141760000005e-07,0.0326932,-0.0164072,0.0008770819999999997,-0.000105555,-7.734399999999997e-05,0.00056776,0.00106884532624,0.00026919621184,7.692728347239995e-07,1.1141858025e-08,5.982094335999995e-09,3.2235141760000005e-07
-0.1200617646,-0.020066459,-0.06073970820000001,0.2003394951,0.1006875482,0.0727697658,0.0508803,-0.016403099999999997,0.00659713,-0.000105555,-7.694839999999997e-05,0.000413122,0.0025888049280900004,0.0002690616896099999,4.35221242369e-05,1.1141858025e-08,5.921056262559995e-09,1.7066978688399998e-07,0.0416739,-0.0164014,0.0285974,0.00018433400000000003,2.97131e-05,0.00056776,0.0017367139412099999,0.00026900592196,0.00081781128676,3.397902355600001e-08,8.828683116099999e-10,3.2235141760000005e-07
-0.0490845658,0.0663390234,0.106354718,-0.0002124615,0.15523773710000002,0.06962955679999999,0.0326828,-0.0164047,0.028589599999999996,0.000144445,0.000349446,0.00056776,0.0010681654158399998,0.00026911418209,0.0008173652281599998,2.0864358024999998e-08,1.22112506916e-07,3.2235141760000005e-07,0.0508803,-0.016403099999999997,0.00659713,-0.000105555,-7.694839999999997e-05,0.000413122,0.0025888049280900004,0.0002690616896099999,4.35221242369e-05,1.1141858025e-08,5.921056262559995e-09,1.7066978688399998e-07
0.0272821146,0.1437444888,0.0527550291,0.1172784455,0.1646668968,-0.0365946923,0.0427499,-0.0279832,0.0108179,9.26999e-05,0.000200956,0.00056776,0.0018275539500100001,0.00078305948224,0.00011702696041,8.59327146001e-09,4.0383313935999996e-08,3.2235141760000005e-07,0.0326828,-0.0164047,0.028589599999999996,0.000144445,0.000349446,0.00056776,0.0010681654158399998,0.00026911418209,0.0008173652281599998,2.0864358024999998e-08,1.22112506916e-07,3.2235141760000005e-07
0.1194197287,0.0598492803,0.0449542967,0.1378265825,0.0330012393,0.0659926054,0.032683699999999996,-0.0383569,0.0263108,-0.0006169880000000001,0.000363424,0.00056776,0.0010682242456899998,0.0014712517776099999,0.0006922581966399999,3.806741921440001e-07,1.32077003776e-07,3.2235141760000005e-07,0.0427499,-0.0279832,0.0108179,9.26999e-05,0.000200956,0.00056776,0.0018275539500100001,0.00078305948224,0.00011702696041,8.59327146001e-09,4.0383313935999996e-08,3.2235141760000005e-07
0.030905054,-0.06750541780000001,0.1522032963,0.1238895809,0.0744876699,-0.0768183584,0.0585377,-0.021331400000000004,0.04693819999999999,0.000202875,0.000126006,0.000682236,0.00342666232129,0.00045502862596000015,0.0022031946192399995,4.115826562500001e-08,1.5877512036000004e-08,4.65445959696e-07,0.032683699999999996,-0.0383569,0.0263108,-0.0006169880000000001,0.000363424,0.00056776,0.0010682242456899998,0.0014712517776099999,0.0006922581966399999,3.806741921440001e-07,1.32077003776e-07,3.2235141760000005e-07
-0.0864439843,-0.0053405524,0.095793592,0.0942892761,-0.0599718238,0.0589243298,0.0534477,-0.034943699999999994,0.023729499999999997,-0.000517105,6.05409e-06,0.000717135,0.0028566566352900002,0.0012210621696899997,0.0005630891702499999,2.67397581025e-07,3.6652005728100006e-11,5.14282608225e-07,0.0585377,-0.021331400000000004,0.04693819999999999,0.000202875,0.000126006,0.000682236,0.00342666232129,0.00045502862596000015,0.0022031946192399995,4.115826562500001e-08,1.5877512036000004e-08,4.65445959696e-07
-0.0094443654,0.1081993642,0.1077070788,-0.0653951525,-0.0032787554,-0.0040496588,0.0677205,-0.0189625,0.028621499999999998,0.000283817,0.00020737900000000002,0.000717135,0.004586066120250001,0.00035957640625,0.0008191902622499998,8.0552089489e-08,4.300604964100001e-08,5.14282608225e-07,0.0534477,-0.034943699999999994,0.023729499999999997,-0.000517105,6.05409e-06,0.000717135,0.0028566566352900002,0.0012210621696899997,0.0005630891702499999,2.67397581025e-07,3.6652005728100006e-11,5.14282608225e-07
0.0416711374,0.1165157662,-0.0614961421,0.0932149884,0.007520741700000002,-0.0544287201,0.050865600000000004,-0.0410854,0.00778987,-0.000517105,6.5248e-05,0.000717135,0.0025873092633600004,0.00168801009316,6.06820746169e-05,2.67397581025e-07,4.257301504e-09,5.14282608225e-07,0.0677205,-0.0189625,0.028621499999999998,0.000283817,0.00020737900000000002,0.000717135,0.004586066120250001,0.00035957640625,0.0008191902622499998,8.0552089489e-08,4.300604964100001e-08,5.14282608225e-07
0.0883672181,-0.058086042699999986,0.0981779288,-0.0478369402,0.0738513851,-0.1116795935,0.0508554,-0.0331194,0.028626299999999997,6.322270000000001e-05,0.00046676599999999997,0.000717135,0.00258627170916,0.00109689465636,0.0008194650516899998,3.997109795290001e-09,2.1787049875599997e-07,5.14282608225e-07,0.050865600000000004,-0.0410854,0.00778987,-0.000517105,6.5248e-05,0.000717135,0.0025873092633600004,0.00168801009316,6.06820746169e-05,2.67397581025e-07,4.257301504e-09,5.14282608225e-07
-0.137440421,-0.048219097300000006,0.0026188404,0.1096578488,-0.0200486803,-0.0296720101,0.0508486,-0.031083799999999998,0.0185776,-0.000440083,0.00040108099999999996,0.000717135,0.00258558012196,0.0009662026224399999,0.00034512722176,1.93673046889e-07,1.6086596856099998e-07,5.14282608225e-07,0.0508554,-0.0331194,0.028626299999999997,6.322270000000001e-05,0.00046676599999999997,0.000717135,0.00258627170916,0.00109689465636,0.0008194650516899998,3.997109795290001e-09,2.1787049875599997e-07,5.14282608225e-07
-0.0041551684,0.1101863482,0.1103277763,-0.0489289076,-0.0023512986,0.0170706116,0.050853699999999995,-0.041078500000000004,0.0185815,-0.000199072,0.000142665,0.000717135,0.0025860988036899993,0.0016874431622500004,0.00034527214225,3.9629661184e-08,2.0353302224999996e-08,5.14282608225e-07,0.0508486,-0.031083799999999998,0.0185776,-0.000440083,0.00040108099999999996,0.000717135,0.00258558012196,0.0009662026224399999,0.00034512722176,1.93673046889e-07,1.6086596856099998e-07,5.14282608225e-07
0.0710801682,0.0874955236,0.060385737,0.0647824053,0.0357271768,-0.1114166964,0.0571576,-0.027626299999999996,0.028595099999999995,0.00012982100000000002,4.1039e-06,0.000717135,0.0032669912377600004,0.0007632124516899997,0.0008176797440099997,1.6853492041000005e-08,1.6841995209999998e-11,5.14282608225e-07,0.050853699999999995,-0.041078500000000004,0.0185815,-0.000199072,0.000142665,0.000717135,0.0025860988036899993,0.0016874431622500004,0.00034527214225,3.9629661184e-08,2.0353302224999996e-08,5.14282608225e-07
0.0227686631,-0.036892671200000005,0.07722825559999999,0.201137492,-0.0328181903,0.0476174221,0.050863900000000004,-0.0410854,0.024368,-0.000517105,0.00050356,0.000717135,0.0025871363232100003,0.00168801009316,0.000593799424,2.67397581025e-07,2.535726736e-07,5.14282608225e-07,0.0571576,-0.027626299999999996,0.028595099999999995,0.00012982100000000002,4.1039e-06,0.000717135,0.0032669912377600004,0.0007632124516899997,0.0008176797440099997,1.6853492041000005e-08,1.6841995209999998e-11,5.14282608225e-07
-0.1063711298,0.0624094746,0.1932891855,-0.0183346117,0.08124588940000001,0.0203946015,0.0628736,-0.036461400000000005,0.028618599999999998,0.00018716700000000002,0.000206462,0.0007776269999999999,0.0039530895769600005,0.0013294336899600005,0.0008190242659599999,3.5031485889000005e-08,4.2626557444e-08,6.047037511289999e-07,0.050863900000000004,-0.0410854,0.024368,-0.000517105,0.00050356,0.000717135,0.0025871363232100003,0.00168801009316,0.000593799424,2.67397581025e-07,2.535726736e-07,5.14282608225e-07
0.027550314500000003,0.1601911781,0.034107453,0.1076242279,0.0472860369,0.025848709700000003,0.0508702,-0.054615199999999996,0.015642600000000003,-0.000517105,-0.000109588,0.000577556,0.00258777724804,0.0029828200710399996,0.0002446909347600001,2.67397581025e-07,1.2009529743999999e-08,3.33570933136e-07,0.0628736,-0.036461400000000005,0.028618599999999998,0.00018716700000000002,0.000206462,0.0007776269999999999,0.0039530895769600005,0.0013294336899600005,0.0008190242659599999,3.5031485889000005e-08,4.2626557444e-08,6.047037511289999e-07
0.0933509254,-0.0226411954,0.1261522293,0.0840684274,0.1051111132,-0.0095158123,0.050830400000000005,-0.0607475,0.035544599999999996,-0.000517105,0.000582141,0.000717135,0.0025837295641600003,0.00369025875625,0.0012634185891599997,2.67397581025e-07,3.38888143881e-07,5.14282608225e-07,0.0508702,-0.054615199999999996,0.015642600000000003,-0.000517105,-0.000109588,0.000577556,0.00258777724804,0.0029828200710399996,0.0002446909347600001,2.67397581025e-07,1.2009529743999999e-08,3.33570933136e-07
-0.0601796059,-0.0415971198,0.1207465545,0.1248054366,-0.0379418337,0.0856846117,0.0508438,-0.0403304,0.028556099999999997,-0.000517105,0.000233072,0.000717135,0.0025850919984400002,0.0016265411641600003,0.0008154508472099999,2.67397581025e-07,5.4322557184e-08,5.14282608225e-07,0.050830400000000005,-0.0607475,0.035544599999999996,-0.000517105,0.000582141,0.000717135,0.0025837295641600003,0.00369025875625,0.0012634185891599997,2.67397581025e-07,3.38888143881e-07,5.14282608225e-07
-0.0063161679,0.0905123088,0.0626613224,-0.1168046433,-0.1148386666,0.0207039376,0.0508346,-0.034739099999999995,0.028627,5.13603e-05,0.0005441430000000001,0.000717135,0.00258415655716,0.0012068050688099996,0.000819505129,2.6378804160899998e-09,2.960916044490001e-07,5.14282608225e-07,0.0508438,-0.0403304,0.028556099999999997,-0.000517105,0.000233072,0.000717135,0.0025850919984400002,0.0016265411641600003,0.0008154508472099999,2.67397581025e-07,5.4322557184e-08,5.14282608225e-07
0.0211847828,0.0523285847,-0.1234251234,0.0514592366,-0.0446744866,-0.1731167125,0.0508546,-0.0403304,0.0285353,-0.000517105,-0.00011033399999999999,0.000717135,0.00258619034116,0.0016265411641600003,0.0008142633460899999,2.67397581025e-07,1.2173591555999998e-08,5.14282608225e-07,0.0508346,-0.034739099999999995,0.028627,5.13603e-05,0.0005441430000000001,0.000717135,0.00258415655716,0.0012068050688099996,0.000819505129,2.6378804160899998e-09,2.960916044490001e-07,5.14282608225e-07
-0.026150203700000003,-0.1567330861,0.034214661800000004,-0.0431957613,0.0324276279,-0.1437108972,0.0675261,-0.0403331,0.028594099999999997,-5.70802e-05,0.000305316,0.00100603,0.004559774181210001,0.0016267589556099998,0.0008176225548099999,3.2581492320400003e-09,9.321785985599998e-08,1.0120963609e-06,0.0508546,-0.0403304,0.0285353,-0.000517105,-0.00011033399999999999,0.000717135,0.00258619034116,0.0016265411641600003,0.0008142633460899999,2.67397581025e-07,1.2173591555999998e-08,5.14282608225e-07
-0.16781066239999998,0.0892465266,0.0088402571,0.0211825708,0.061417212,-0.0917210228,0.05084930000000001,-0.0303303,0.028564,-0.00022548799999999998,0.000222782,0.0007036130000000001,0.002585651310490001,0.0009199270980900001,0.0008159020959999999,5.084483814399999e-08,4.9631819524e-08,4.950712537690001e-07,0.0675261,-0.0403331,0.028594099999999997,-5.70802e-05,0.000305316,0.00100603,0.004559774181210001,0.0016267589556099998,0.0008176225548099999,3.2581492320400003e-09,9.321785985599998e-08,1.0120963609e-06
0.13658419970000002,0.0839175739,0.0787875104,0.0003751764,0.0389837175,0.0427068727,0.0508637,-0.0544048,0.0480344,-0.000628623,0.000277999,0.000743615,0.0025871159776899998,0.0029598822630400004,0.0023073035833599998,3.9516687612900005e-07,7.728344400100002e-08,5.52963268225e-07,0.05084930000000001,-0.0303303,0.028564,-0.00022548799999999998,0.000222782,0.0007036130000000001,0.002585651310490001,0.0009199270980900001,0.0008159020959999999,5.084483814399999e-08,4.9631819524e-08,4.950712537690001e-07
0.0391420323,-0.0188121113,0.0026178222,0.1293849273,-0.0115035182,-0.0315931192,0.0508546,-0.0403398,0.030662799999999997,-0.000163824,0.00037207,0.0008232359999999998,0.00258619034116,0.0016272994640400002,0.0009402073038399998,2.6838302976e-08,1.384360849e-07,6.777175116959996e-07,0.0508637,-0.0544048,0.0480344,-0.000628623,0.000277999,0.000743615,0.0025871159776899998,0.0029598822630400004,0.0023073035833599998,3.9516687612900005e-07,7.728344400100002e-08,5.52963268225e-07
-0.0752961303,-0.0098154888,0.12716498880000002,-0.0550663746,-0.0689609789,0.0401797235,0.050858099999999996,-0.0403397,0.028561700000000002,-0.000238597,0.000184579,0.000777621,0.0025865463356099998,0.0016272913960899999,0.0008157707068900002,5.6928528409000005e-08,3.4069407241000004e-08,6.046944196410001e-07,0.0508546,-0.0403398,0.030662799999999997,-0.000163824,0.00037207,0.0008232359999999998,0.00258619034116,0.0016272994640400002,0.0009402073038399998,2.6838302976e-08,1.384360849e-07,6.777175116959996e-07
0.003825416,0.1211421859,-0.0521064842,-0.0347456242,-0.1078070501,-0.048119351,0.0508267,-0.0403341,0.00541563,-0.00027535200000000003,0.00034938,0.000781075,0.0025833534328900004,0.00162683962281,2.9329048296900004e-05,7.581872390400002e-08,1.220663844e-07,6.10078155625e-07,0.050858099999999996,-0.0403397,0.028561700000000002,-0.000238597,0.000184579,0.000777621,0.0025865463356099998,0.0016272913960899999,0.0008157707068900002,5.6928528409000005e-08,3.4069407241000004e-08,6.046944196410001e-07
0.1134761562,-0.0822980757,0.0095975903,-0.0935822918,-0.1400798619,-0.002595273,0.050837099999999996,-0.0383446,0.028537,-0.00047548800000000004,0.000267519,0.000747886,0.0025844107364099995,0.00147030834916,0.000814360369,2.2608883814400005e-07,7.156641536100002e-08,5.59333468996e-07,0.0508267,-0.0403341,0.00541563,-0.00027535200000000003,0.00034938,0.000781075,0.0025833534328900004,0.00162683962281,2.9329048296900004e-05,7.581872390400002e-08,1.220663844e-07,6.10078155625e-07
-0.0802019871,-0.131991195,-0.0229557286,-0.0369764301,-0.08389821189999999,-0.0201353113,0.0508306,-0.040311599999999996,0.028599,0.000297767,6.72268e-05,0.0008143799999999999,0.0025837498963599994,0.0016250250945599996,0.000817902801,8.8665186289e-08,4.51944263824e-09,6.632147843999998e-07,0.050837099999999996,-0.0383446,0.028537,-0.00047548800000000004,0.000267519,0.000747886,0.0025844107364099995,0.00147030834916,0.000814360369,2.2608883814400005e-07,7.156641536100002e-08,5.59333468996e-07
-0.0658451896,0.0960042532,-0.072363161,-0.0724259174,-0.0279584211,-0.0201920809,0.0408175,-0.0474956,0.0285421,-0.00047548800000000004,0.000475638,0.0007580879999999998,0.00166606830625,0.00225583201936,0.00081465147241,2.2608883814400005e-07,2.2623150704400002e-07,5.746974157439997e-07,0.0508306,-0.040311599999999996,0.028599,0.000297767,6.72268e-05,0.0008143799999999999,0.0025837498963599994,0.0016250250945599996,0.000817902801,8.8665186289e-08,4.51944263824e-09,6.632147843999998e-07
0.0835983248,0.0178574275,-0.0364266239,-0.0017682253,0.0994548737,-0.0963858789,0.0671472,-0.05765930000000001,0.056967899999999995,-0.00130577,0.0006711330000000001,0.00159248,0.00450874646784,0.0033245948764900014,0.0032453416304099995,1.7050352929e-06,4.5041950368900013e-07,2.5359925504e-06,0.0408175,-0.0474956,0.0285421,-0.00047548800000000004,0.000475638,0.0007580879999999998,0.00166606830625,0.00225583201936,0.00081465147241,2.2608883814400005e-07,2.2623150704400002e-07,5.746974157439997e-07
-0.06945585160000001,-0.0887507367,-0.0504015124,0.112812369,0.0423366397,0.1217369036,0.0507593,-0.0575253,0.028502,-0.0008651229999999998,0.000498098,0.000727915,0.00257650653649,0.00330916014009,0.000812364004,7.484378051289995e-07,2.4810161760399997e-07,5.29860247225e-07,0.0671472,-0.05765930000000001,0.056967899999999995,-0.00130577,0.0006711330000000001,0.00159248,0.00450874646784,0.0033245948764900014,0.0032453416304099995,1.7050352929e-06,4.5041950368900013e-07,2.5359925504e-06
-0.0067377878000000006,0.051602454000000006,0.0771057662,-0.0516384695,0.0435650288,0.092567482,0.042900400000000005,-0.045498699999999996,0.06909610000000001,-0.000117461,1.14533e-05,0.0008999489999999999,0.0018404443201600004,0.0020701317016899997,0.004774271035210001,1.3797086521000002e-08,1.3117808088999997e-10,8.099082026009999e-07,0.0507593,-0.0575253,0.028502,-0.0008651229999999998,0.000498098,0.000727915,0.00257650653649,0.00330916014009,0.000812364004,7.484378051289995e-07,2.4810161760399997e-07,5.29860247225e-07
0.0912943374,0.0732024825,-0.08331805639999999,0.1022761665,-0.0607768844,0.0283597927,0.03561,-0.057536300000000005,0.0499847,-0.000761298,1.14533e-05,0.000890508,0.0012680721000000001,0.0033104258176900004,0.00249847023409,5.79574644804e-07,1.3117808088999997e-10,7.930044980640001e-07,0.042900400000000005,-0.045498699999999996,0.06909610000000001,-0.000117461,1.14533e-05,0.0008999489999999999,0.0018404443201600004,0.0020701317016899997,0.004774271035210001,1.3797086521000002e-08,1.3117808088999997e-10,8.099082026009999e-07
0.07423791469999999,-0.1658000464,0.0524573285,-0.0493345234,-0.1000525001,-0.0039709851,0.050750199999999995,-0.0575118,0.052162400000000005,-0.00047548800000000004,0.000501929,0.000771677,0.0025755828000399994,0.0033076071392400003,0.0027209159737600006,2.2608883814400005e-07,2.51932721041e-07,5.95485392329e-07,0.03561,-0.057536300000000005,0.0499847,-0.000761298,1.14533e-05,0.000890508,0.0012680721000000001,0.0033104258176900004,0.00249847023409,5.79574644804e-07,1.3117808088999997e-10,7.930044980640001e-07
-0.14818485609999998,-0.024185993500000003,-0.032333927799999995,-0.117760077,-0.071302828,-0.1540575008,0.0507345,-0.0434832,0.054665099999999994,-0.00047548800000000004,1.14533e-05,0.00105245,0.0025739894902500004,0.00189078868224,0.0029882731580099992,2.2608883814400005e-07,1.3117808088999997e-10,1.1076510024999999e-06,0.050750199999999995,-0.0575118,0.052162400000000005,-0.00047548800000000004,0.000501929,0.000771677,0.0025755828000399994,0.0033076071392400003,0.0027209159737600006,2.2608883814400005e-07,2.51932721041e-07,5.95485392329e-07
0.0516849855,0.0691994254,-0.1020918723,-0.1456983558,-0.0709912533,-0.028106552200000003,0.0507804,-0.057527699999999994,0.0459813,-0.0008534709999999999,1.14533e-05,0.000637138,0.0025786490241600005,0.0033094362672899994,0.0021142799496900004,7.284127478409997e-07,1.3117808088999997e-10,4.0594483104399997e-07,0.0507345,-0.0434832,0.054665099999999994,-0.00047548800000000004,1.14533e-05,0.00105245,0.0025739894902500004,0.00189078868224,0.0029882731580099992,2.2608883814400005e-07,1.3117808088999997e-10,1.1076510024999999e-06
0.0385458005,-0.0843997334,-0.045208188,-0.0688083585,0.025407816,-0.1903270172,0.0507272,-0.05748430000000001,0.0445131,-5.55154e-06,9.148060000000004e-05,0.00105245,0.00257324881984,0.003304444746490001,0.0019814160716099998,3.0819596371600004e-11,8.368700176360008e-09,1.1076510024999999e-06,0.0507804,-0.057527699999999994,0.0459813,-0.0008534709999999999,1.14533e-05,0.000637138,0.0025786490241600005,0.0033094362672899994,0.0021142799496900004,7.284127478409997e-07,1.3117808088999997e-10,4.0594483104399997e-07
-0.1399721601,-0.0832113114,-0.0125598741,0.0291350531,-0.0183581036,0.0252752461,0.0407633,-0.0575155,0.06903680000000001,-0.0007881169999999999,0.000327947,0.000619531,0.0016616466268900001,0.0033080327402499996,0.0047660797542400015,6.211284056889998e-07,1.0754923480899998e-07,3.8381865996099997e-07,0.0507272,-0.05748430000000001,0.0445131,-5.55154e-06,9.148060000000004e-05,0.00105245,0.00257324881984,0.003304444746490001,0.0019814160716099998,3.0819596371600004e-11,8.368700176360008e-09,1.1076510024999999e-06
-0.012395648600000002,0.0749380541,0.0885933719,-0.0652976601,0.0507211846,-0.0194768497,0.0507291,-0.0416559,0.054595199999999997,-0.00047548800000000004,0.00029342400000000003,0.0008389389999999999,0.00257344158681,0.0017352140048100002,0.0029806358630399994,2.2608883814400005e-07,8.609764377600002e-08,7.038186457209999e-07,0.0407633,-0.0575155,0.06903680000000001,-0.0007881169999999999,0.000327947,0.000619531,0.0016616466268900001,0.0033080327402499996,0.0047660797542400015,6.211284056889998e-07,1.0754923480899998e-07,3.8381865996099997e-07
0.0953494965,0.046723011900000014,-0.0339831991,0.1239847152,-0.1004586153,-0.0199715502,0.050773900000000004,-0.0716871,0.0491665,-0.0008252809999999998,1.14533e-05,0.000763533,0.0025779889212100005,0.005139040306410001,0.0024173447222500003,6.810887289609997e-07,1.3117808088999997e-10,5.829826420890001e-07,0.0507291,-0.0416559,0.054595199999999997,-0.00047548800000000004,0.00029342400000000003,0.0008389389999999999,0.00257344158681,0.0017352140048100002,0.0029806358630399994,2.2608883814400005e-07,8.609764377600002e-08,7.038186457209999e-07
0.0603678957,-0.1450299344,0.059337603,-0.0124774642,-0.1610461428,0.1205983759,0.0507242,-0.0532867,0.0525955,-0.00047548800000000004,0.000405659,0.0009002049999999998,0.00257294446564,0.00283947239689,0.0027662866202500004,2.2608883814400005e-07,1.64559224281e-07,8.103690420249997e-07,0.050773900000000004,-0.0716871,0.0491665,-0.0008252809999999998,1.14533e-05,0.000763533,0.0025779889212100005,0.005139040306410001,0.0024173447222500003,6.810887289609997e-07,1.3117808088999997e-10,5.829826420890001e-07
-0.127485572,0.0474607935,-0.0770797532,-0.0257291663,-0.232216969,0.0782957907,0.0507519,-0.0532981,0.0194314,-0.0008299699999999998,1.14533e-05,0.0008221119999999997,0.00257575535361,0.00284068746361,0.0003775793059600001,6.888502008999996e-07,1.3117808088999997e-10,6.758681405439996e-07,0.0507242,-0.0532867,0.0525955,-0.00047548800000000004,0.000405659,0.0009002049999999998,0.00257294446564,0.00283947239689,0.0027662866202500004,2.2608883814400005e-07,1.64559224281e-07,8.103690420249997e-07
0.1309914768,-0.012252828899999998,-0.0399362978,-0.105012878,-0.1349800765,0.0045486842,0.050738,-0.0433032,0.0314495,-0.000716736,1.14533e-05,0.000913556,0.0025743446439999997,0.00187516713024,0.00098907105025,5.137104936960001e-07,1.3117808088999997e-10,8.345845651360001e-07,0.0507519,-0.0532981,0.0194314,-0.0008299699999999998,1.14533e-05,0.0008221119999999997,0.00257575535361,0.00284068746361,0.0003775793059600001,6.888502008999996e-07,1.3117808088999997e-10,6.758681405439996e-07
0.007704826,-0.1092625101,-0.0920082263,0.0408122363,-0.0344278446,-0.0910118024,0.0507345,-0.053296,0.0354141,-0.00047548800000000004,1.14533e-05,0.00105245,0.0025739894902500004,0.0028404636160000002,0.0012541584788099997,2.2608883814400005e-07,1.3117808088999997e-10,1.1076510024999999e-06,0.050738,-0.0433032,0.0314495,-0.000716736,1.14533e-05,0.000913556,0.0025743446439999997,0.00187516713024,0.00098907105025,5.137104936960001e-07,1.3117808088999997e-10,8.345845651360001e-07
-0.1284515004,-0.0189127025,0.0192829426,-0.0901216723,0.0466887613,-0.0026009918,0.037575800000000006,-0.05329830000000001,0.044629199999999994,-0.0008223010000000001,0.000453024,0.0008055689999999999,0.0014119407456400005,0.0028407087828900006,0.0019917654926399995,6.761789346010002e-07,2.05230744576e-07,6.489414137609998e-07,0.0507345,-0.053296,0.0354141,-0.00047548800000000004,1.14533e-05,0.00105245,0.0025739894902500004,0.0028404636160000002,0.0012541584788099997,2.2608883814400005e-07,1.3117808088999997e-10,1.1076510024999999e-06
0.028691044300000006,0.0590925799,-0.024038784700000003,-0.0968067767,0.1099299521,-0.0520739242,0.0507345,-0.053267999999999996,0.027985500000000003,-0.000413173,1.14533e-05,0.00105245,0.0025739894902500004,0.0028374798239999997,0.0007831882102500002,1.70711927929e-07,1.3117808088999997e-10,1.1076510024999999e-06,0.037575800000000006,-0.05329830000000001,0.044629199999999994,-0.0008223010000000001,0.000453024,0.0008055689999999999,0.0014119407456400005,0.0028407087828900006,0.0019917654926399995,6.761789346010002e-07,2.05230744576e-07,6.489414137609998e-07
0.07220602059999999,0.0070549134,-0.0643153103,0.1288713729,0.0031360551,-0.0033920293,0.050724,-0.133688,0.05209069999999999,-0.00241979,0.000210803,0.00102973,0.002572924176,0.017872481344,0.002713441026489999,5.855383644099999e-06,4.4437904808999996e-08,1.0603438729e-06,0.0507345,-0.053267999999999996,0.027985500000000003,-0.000413173,1.14533e-05,0.00105245,0.0025739894902500004,0.0028374798239999997,0.0007831882102500002,1.70711927929e-07,1.3117808088999997e-10,1.1076510024999999e-06
0.005214637,-0.15740631619999998,0.0436436058,-0.032367116,-0.0411978344,0.06600583730000001,0.05498719999999999,-0.05367519999999999,0.0521774,-0.000391698,0.00058327,0.0009309889999999999,0.003023592163839999,0.0028810270950399993,0.00272248107076,1.53427323204e-07,3.402038929e-07,8.667405181209998e-07,0.050724,-0.133688,0.05209069999999999,-0.00241979,0.000210803,0.00102973,0.002572924176,0.017872481344,0.002713441026489999,5.855383644099999e-06,4.4437904808999996e-08,1.0603438729e-06
-0.1299922087,0.0435953845,-0.1211210344,-0.0623744067,-0.1616291142,0.0414604978,0.0506376,-0.0622481,0.018841800000000002,-0.000552863,1.14533e-05,0.00102765,0.00256416653376,0.00387482595361,0.0003550134272400001,3.05657496769e-07,1.3117808088999997e-10,1.0560645225e-06,0.05498719999999999,-0.05367519999999999,0.0521774,-0.000391698,0.00058327,0.0009309889999999999,0.003023592163839999,0.0028810270950399993,0.00272248107076,1.53427323204e-07,3.402038929e-07,8.667405181209998e-07
0.097433691,0.0002474617,-0.0674647362,-0.1445440398,-0.0722660158,0.0480186786,0.0406421,-0.0718618,0.0351341,-0.000802863,1.14533e-05,0.000882492,0.0016517802924100001,0.0051641182992400005,0.0012344049828100002,6.44588996769e-07,1.3117808088999997e-10,7.78792130064e-07,0.0506376,-0.0622481,0.018841800000000002,-0.000552863,1.14533e-05,0.00102765,0.00256416653376,0.00387482595361,0.0003550134272400001,3.05657496769e-07,1.3117808088999997e-10,1.0560645225e-06
0.0235220834,-0.0698448716,-0.020615228,0.017380081699999998,0.0528047182,-0.0938779964,0.0587408,-0.05537809999999999,0.0448596,8.57245e-05,0.000124575,0.00102765,0.0034504815846400005,0.003066733959609999,0.0020123837121599998,7.34868990025e-09,1.5518930625e-08,1.0560645225e-06,0.0406421,-0.0718618,0.0351341,-0.000802863,1.14533e-05,0.000882492,0.0016517802924100001,0.0051641182992400005,0.0012344049828100002,6.44588996769e-07,1.3117808088999997e-10,7.78792130064e-07
-0.0901215483,-0.0871332336,0.0585485645,0.051632915300000005,-0.0293110403,0.1016719499,0.0506209,-0.08001989999999999,0.0306566,-0.000802863,0.000557986,0.00102765,0.0025624755168100004,0.006403184396009998,0.00093982712356,6.44588996769e-07,3.11348376196e-07,1.0560645225e-06,0.0587408,-0.05537809999999999,0.0448596,8.57245e-05,0.000124575,0.00102765,0.0034504815846400005,0.003066733959609999,0.0020123837121599998,7.34868990025e-09,1.5518930625e-08,1.0560645225e-06
-0.0309086666,0.1029268639,0.0795952975,-0.0533535271,0.008083549300000001,-0.0152873716,0.0680919,-0.0632382,0.052221300000000005,-0.00032036099999999996,0.000577623,0.00102765,0.00463650684561,0.003999069939239999,0.0027270641736900007,1.0263117032099998e-07,3.33648330129e-07,1.0560645225e-06,0.0506209,-0.08001989999999999,0.0306566,-0.000802863,0.000557986,0.00102765,0.0025624755168100004,0.006403184396009998,0.00093982712356,6.44588996769e-07,3.11348376196e-07,1.0560645225e-06
0.0785580763,0.0650730522,-0.0771125485,0.0808413058,-0.0130352669,-0.0125363203,0.050643,-0.0632667,0.052136800000000004,-0.000802863,0.000140275,0.000917642,0.002564713449,0.004002675328889999,0.0027182459142400003,6.44588996769e-07,1.9677075625e-08,8.420668401639999e-07,0.0680919,-0.0632382,0.052221300000000005,-0.00032036099999999996,0.000577623,0.00102765,0.00463650684561,0.003999069939239999,0.0027270641736900007,1.0263117032099998e-07,3.33648330129e-07,1.0560645225e-06
0.0830596139,-0.15580612859999998,0.0460641764,-0.0279588777,0.0031425879,-0.0369117345,0.0505955,-0.0632626,0.05219259999999999,-0.000549643,0.000788191,0.00102765,0.0025599046202500002,0.00400215655876,0.002724067494759999,3.021074274490001e-07,6.212450524810001e-07,1.0560645225e-06,0.050643,-0.0632667,0.052136800000000004,-0.000802863,0.000140275,0.000917642,0.002564713449,0.004002675328889999,0.0027182459142400003,6.44588996769e-07,1.9677075625e-08,8.420668401639999e-07
-0.1480140322,-0.0177211309,-0.0166636226,-0.0493305663,0.0080985457,-0.0990052852,0.050624199999999994,-0.0632718,0.0421538,-0.0006334380000000001,0.00020887,0.00102765,0.0025628096256399995,0.0040033206752400005,0.0017769428544399998,4.012436998440001e-07,4.36266769e-08,1.0560645225e-06,0.0505955,-0.0632626,0.05219259999999999,-0.000549643,0.000788191,0.00102765,0.0025599046202500002,0.00400215655876,0.002724067494759999,3.021074274490001e-07,6.212450524810001e-07,1.0560645225e-06
0.0333687362,0.0662285139,-0.0882669225,-0.1180422288,-0.0010223701,0.0006399518,0.035917199999999996,-0.0632834,0.0521448,-0.000960495,0.000384235,0.000582736,0.0012900452558399997,0.004004788715560001,0.00271908016704,9.22550645025e-07,1.4763653522500003e-07,3.3958124569600003e-07,0.050624199999999994,-0.0632718,0.0421538,-0.0006334380000000001,0.00020887,0.00102765,0.0025628096256399995,0.0040033206752400005,0.0017769428544399998,4.012436998440001e-07,4.36266769e-08,1.0560645225e-06
0.015927770900000002,-0.08881734869999999,-0.0447952026,0.0049314358,0.1886491075,-0.11760902880000003,0.0506064,-0.06324,0.0522028,-0.00019533099999999998,0.00035752300000000005,0.00102765,0.00256100772096,0.003999297600000001,0.0027251323278400003,3.815419956099999e-08,1.2782269552900003e-07,1.0560645225e-06,0.035917199999999996,-0.0632834,0.0521448,-0.000960495,0.000384235,0.000582736,0.0012900452558399997,0.004004788715560001,0.00271908016704,9.22550645025e-07,1.4763653522500003e-07,3.3958124569600003e-07
-0.1455656471,0.0221714979,0.0451231285,0.040332956,0.0992439481,0.0833281473,0.0506126,-0.0633019,0.052155999999999994,-0.000960495,0.000527653,0.000916415,0.00256163527876,0.004007130543609999,0.0027202483359999993,9.22550645025e-07,2.78417688409e-07,8.39816452225e-07,0.0506064,-0.06324,0.0522028,-0.00019533099999999998,0.00035752300000000005,0.00102765,0.00256100772096,0.003999297600000001,0.0027251323278400003,3.815419956099999e-08,1.2782269552900003e-07,1.0560645225e-06
0.077756377,0.0995945867,0.0883191485,-0.0376275235,0.08686803970000001,0.0990137097,0.0538392,-0.063226,0.0615048,-0.00022282400000000002,0.00044648199999999994,0.00102765,0.0028986594566399997,0.003997527076,0.0037828404230399997,4.965053497600001e-08,1.9934617632399994e-07,1.0560645225e-06,0.0506126,-0.0633019,0.052155999999999994,-0.000960495,0.000527653,0.000916415,0.00256163527876,0.004007130543609999,0.0027202483359999993,9.22550645025e-07,2.78417688409e-07,8.39816452225e-07
0.1225536412,0.041813407,-0.0246474599,0.1322807351,-0.1263859202,0.1698845138,0.0470975,-0.0894852,0.05213859999999999,-0.000960495,0.000348626,0.000740317,0.00221817450625,0.00800760101904,0.0027184336099599993,9.22550645025e-07,1.21540087876e-07,5.48069260489e-07,0.0538392,-0.063226,0.0615048,-0.00022282400000000002,0.00044648199999999994,0.00102765,0.0028986594566399997,0.003997527076,0.0037828404230399997,4.965053497600001e-08,1.9934617632399994e-07,1.0560645225e-06
0.0627183769,-0.1706950292,-0.0054248038,-0.0444370237,-0.0538525916,0.1491248284,0.0406121,-0.089489,0.05216619999999999,-0.000842548,0.00058541,0.00097509,0.00164934266641,0.008008281120999999,0.002721312422439999,7.098871323040001e-07,3.4270486809999996e-07,9.508005081e-07,0.0470975,-0.0894852,0.05213859999999999,-0.000960495,0.000348626,0.000740317,0.00221817450625,0.00800760101904,0.0027184336099599993,9.22550645025e-07,1.21540087876e-07,5.48069260489e-07
-0.1288360375,0.006216233000000001,-0.1505550888,-0.0936939301,-0.0036815202,-0.0103592139,0.0506095,-0.0719535,0.0355736,-0.0008016949999999997,0.00036415,0.00102765,0.00256132149025,0.00517730616225,0.0012654810169599998,6.427148730249996e-07,1.326052225e-07,1.0560645225e-06,0.0406121,-0.089489,0.05216619999999999,-0.000842548,0.00058541,0.00097509,0.00164934266641,0.008008281120999999,0.002721312422439999,7.098871323040001e-07,3.4270486809999996e-07,9.508005081e-07
0.0735540051,0.0291729769,-0.1925744582,-0.1026280372,0.07802639410000001,0.0096734508,0.028757799999999997,-0.102144,0.0463728,-0.00105043,1.14533e-05,0.0009000039999999999,0.0008270110608399998,0.010433396736,0.0021504365798399997,1.1034031849e-06,1.3117808088999997e-10,8.100072000159999e-07,0.0506095,-0.0719535,0.0355736,-0.0008016949999999997,0.00036415,0.00102765,0.00256132149025,0.00517730616225,0.0012654810169599998,6.427148730249996e-07,1.326052225e-07,1.0560645225e-06
0.046459062,-0.0780058757,-0.124132863,-0.0622824463,0.1710453307,-0.06374194650000001,0.0506186,-0.0858023,0.0476468,-0.00034034699999999996,0.00036196300000000003,0.000934213,0.00256224266596,0.00736203468529,0.0022702175502400004,1.1583608040899997e-07,1.3101721336900002e-07,8.72753929369e-07,0.028757799999999997,-0.102144,0.0463728,-0.00105043,1.14533e-05,0.0009000039999999999,0.0008270110608399998,0.010433396736,0.0021504365798399997,1.1034031849e-06,1.3117808088999997e-10,8.100072000159999e-07
-0.069130885,-0.1155523956,-0.16459429539999998,0.0245624699,0.0663181003,0.1820564229,0.040635000000000004,-0.0973652,0.0456011,-0.000960495,0.000623479,0.0008558399999999999,0.0016512032250000004,0.00947998217104,0.00207946032121,9.22550645025e-07,3.8872606344100005e-07,7.324621055999998e-07,0.0506186,-0.0858023,0.0476468,-0.00034034699999999996,0.00036196300000000003,0.000934213,0.00256224266596,0.00736203468529,0.0022702175502400004,1.1583608040899997e-07,1.3101721336900002e-07,8.72753929369e-07
-0.0861179549,0.042987376,-0.0472031821,-0.1231590677,0.16212312439999998,0.145124786,0.050611800000000005,-0.0858309,0.0407542,-0.00039929900000000004,0.00045175900000000004,0.00102765,0.0025615542992400006,0.007366943394810001,0.0016609048176399997,1.5943969140100003e-07,2.0408619408100002e-07,1.0560645225e-06,0.040635000000000004,-0.0973652,0.0456011,-0.000960495,0.000623479,0.0008558399999999999,0.0016512032250000004,0.00947998217104,0.00207946032121,9.22550645025e-07,3.8872606344100005e-07,7.324621055999998e-07
0.0196695153,0.0942459754,-0.1132862351,0.0463037653,0.1816827249,0.0993445304,0.0506376,-0.103029,0.05218099999999999,-0.000648965,1.14533e-05,0.00102765,0.00256416653376,0.010614974841,0.002722856760999999,4.211555712250001e-07,1.3117808088999997e-10,1.0560645225e-06,0.050611800000000005,-0.0858309,0.0407542,-0.00039929900000000004,0.00045175900000000004,0.00102765,0.0025615542992400006,0.007366943394810001,0.0016609048176399997,1.5943969140100003e-07,2.0408619408100002e-07,1.0560645225e-06
0.0903639028,-0.1013494892,-0.0138053867,-0.0057046795,0.1644776687,0.0844920085,0.0506223,-0.09302250000000001,0.0599872,-0.0005360030000000001,0.0005558669999999999,0.0008918399999999998,0.00256261725729,0.008653185506250001,0.0035984641638399997,2.872992160090001e-07,3.089881216889999e-07,7.953785855999996e-07,0.0506376,-0.103029,0.05218099999999999,-0.000648965,1.14533e-05,0.00102765,0.00256416653376,0.010614974841,0.002722856760999999,4.211555712250001e-07,1.3117808088999997e-10,1.0560645225e-06
-0.151440302,-0.012593701100000002,0.050914690599999986,0.0493334936,0.1194257552,-0.0171454379,0.0528686,-0.103021,0.0522658,-0.000479745,0.000616948,0.00102765,0.00279508886596,0.010613326441,0.00273171384964,2.30155265025e-07,3.80624834704e-07,1.0560645225e-06,0.0506223,-0.09302250000000001,0.0599872,-0.0005360030000000001,0.0005558669999999999,0.0008918399999999998,0.00256261725729,0.008653185506250001,0.0035984641638399997,2.872992160090001e-07,3.089881216889999e-07,7.953785855999996e-07
0.071596235,0.1407216222,0.0376484454,-0.0258788317,-0.045201833,0.103821914,0.0506044,-0.123623,0.0521222,-0.00111377,0.000500724,0.00102765,0.00256080529936,0.015282646128999999,0.00271672373284,1.2404836129000001e-06,2.50724524176e-07,1.0560645225e-06,0.0528686,-0.103021,0.0522658,-0.000479745,0.000616948,0.00102765,0.00279508886596,0.010613326441,0.00273171384964,2.30155265025e-07,3.80624834704e-07,1.0560645225e-06
0.0930866486,0.0032347763,-0.0106974509,-0.0036905568,-0.0105299516,-0.0635078809,0.050590300000000005,-0.0885832,0.0522419,-0.00038782599999999997,0.00045084199999999996,0.00102765,0.0025593784540900006,0.00784698332224,0.00272921611561,1.5040900627599997e-07,2.0325850896399996e-07,1.0560645225e-06,0.0506044,-0.123623,0.0521222,-0.00111377,0.000500724,0.00102765,0.00256080529936,0.015282646128999999,0.00271672373284,1.2404836129000001e-06,2.50724524176e-07,1.0560645225e-06
-0.0611140219,-0.0887729987,-0.0499716607,0.0688787902,-0.0178673137,-0.0523250769,0.040652999999999995,-0.10002899999999999,0.0521456,-0.000960495,0.00037448099999999997,0.000744215,0.0016526664089999996,0.010005800841,0.00271916359936,9.22550645025e-07,1.4023601936099996e-07,5.53855966225e-07,0.050590300000000005,-0.0885832,0.0522419,-0.00038782599999999997,0.00045084199999999996,0.00102765,0.0025593784540900006,0.00784698332224,0.00272921611561,1.5040900627599997e-07,2.0325850896399996e-07,1.0560645225e-06
-0.0559919322,0.0771439921,0.1091364186,-0.08530721349999999,0.1064945919,-0.0793640369,0.050591000000000004,-0.10667,0.0522048,-0.000619632,0.000600424,0.000908408,0.0025594492810000003,0.0113784889,0.0027253411430400005,3.839438154239999e-07,3.60508979776e-07,8.25205094464e-07,0.040652999999999995,-0.10002899999999999,0.0521456,-0.000960495,0.00037448099999999997,0.000744215,0.0016526664089999996,0.010005800841,0.00271916359936,9.22550645025e-07,1.4023601936099996e-07,5.53855966225e-07
0.0458432004,0.07971783889999999,-0.0317225931,0.1335377165,0.0479804439,-0.0439317236,0.0363367,-0.0925813,0.05215940000000001,-0.0008623819999999998,0.00049499,0.000659305,0.00132035576689,0.00857129710969,0.002720603008360001,7.437027139239996e-07,2.4501510009999993e-07,4.34683083025e-07,0.050591000000000004,-0.10667,0.0522048,-0.000619632,0.000600424,0.000908408,0.0025594492810000003,0.0113784889,0.0027253411430400005,3.839438154239999e-07,3.60508979776e-07,8.25205094464e-07
0.05842257190000001,-0.0973240468,0.181981225,0.1064353577,0.108977123,0.08457991710000001,0.0506056,-0.10668399999999999,0.0642481,-0.000549366,0.00045930699999999994,0.00102765,0.00256092675136,0.011381475855999997,0.00412781835361,3.0180300195600003e-07,2.1096292024899995e-07,1.0560645225e-06,0.0363367,-0.0925813,0.05215940000000001,-0.0008623819999999998,0.00049499,0.000659305,0.00132035576689,0.00857129710969,0.002720603008360001,7.437027139239996e-07,2.4501510009999993e-07,4.34683083025e-07
-0.0934929728,0.075262027,0.1064381253,0.0667056008,0.0384279076,0.1603369164,0.0506223,-0.106679,0.0522187,-0.000549366,0.000438644,0.000959262,0.00256261725729,0.011380409041,0.00272679262969,3.0180300195600003e-07,1.9240855873600003e-07,9.20183584644e-07,0.0506056,-0.10668399999999999,0.0642481,-0.000549366,0.00045930699999999994,0.00102765,0.00256092675136,0.011381475855999997,0.00412781835361,3.0180300195600003e-07,2.1096292024899995e-07,1.0560645225e-06
0.1131011771,0.0814105886,-0.0251667555,-0.0637789242,0.0264706482,0.1928742683,0.0406267,-0.1067,0.0521554,-0.000908937,0.0005382999999999999,0.0009049139999999999,0.0016505287528900002,0.01138489,0.0027201857491599996,8.261664699689999e-07,2.897668899999999e-07,8.188693473959999e-07,0.0506223,-0.106679,0.0522187,-0.000549366,0.000438644,0.000959262,0.00256261725729,0.011380409041,0.00272679262969,3.0180300195600003e-07,1.9240855873600003e-07,9.20183584644e-07
0.042797932699999985,-0.0422955256,-0.0810621642,0.027878221600000003,0.0770986011,0.0518519128,0.0506061,-0.106679,0.0302395,-0.000549366,0.000799584,0.00096949,0.00256097735721,0.011380409041,0.00091442736025,3.0180300195600003e-07,6.39334573056e-07,9.399108601000001e-07,0.0406267,-0.1067,0.0521554,-0.000908937,0.0005382999999999999,0.0009049139999999999,0.0016505287528900002,0.01138489,0.0027201857491599996,8.261664699689999e-07,2.897668899999999e-07,8.188693473959999e-07
-0.1126998722,-0.0202009052,-0.0015450675,-0.0296362033,0.0592187778,0.1166119873,0.0397849,-0.12984,0.0379959,-0.00118811,0.000684203,0.00062214,0.0015828382680099999,0.016858425600000004,0.00144368841681,1.4116053721e-06,4.6813374520899996e-07,3.8705817959999996e-07,0.0506061,-0.106679,0.0302395,-0.000549366,0.000799584,0.00096949,0.00256097735721,0.011380409041,0.00091442736025,3.0180300195600003e-07,6.39334573056e-07,9.399108601000001e-07
0.0197650561,0.0816819265,-0.0422614153,-0.0919271729,0.0423342045,0.106988595,0.050595,-0.113705,0.036017,-0.000610555,0.00045425099999999997,0.00102765,0.002559854025,0.012928827025,0.001297224289,3.7277740802500007e-07,2.0634397100099996e-07,1.0560645225e-06,0.0397849,-0.12984,0.0379959,-0.00118811,0.000684203,0.00062214,0.0015828382680099999,0.016858425600000004,0.00144368841681,1.4116053721e-06,4.6813374520899996e-07,3.8705817959999996e-07
0.1225719759,0.0186553589,-0.14390952140000002,0.0123630207,-0.0907214661,0.05990063230000001,0.0460612,0.0335706,0.0172255,-0.00167941,0.000349032,0.00075325,0.0021216341454399997,0.00112698518436,0.00029671785025,2.8204179481000003e-06,1.21823337024e-07,5.673855625e-07,0.050595,-0.113705,0.036017,-0.000610555,0.00045425099999999997,0.00102765,0.002559854025,0.012928827025,0.001297224289,3.7277740802500007e-07,2.0634397100099996e-07,1.0560645225e-06
0.0008470034,-0.17245515879999998,-0.0686565663,-0.07009177,0.0356805742,-0.0013876153,0.050618300000000005,-0.101758,0.03513,-0.0006836969999999999,0.000468017,0.000965762,0.0025622122948900003,0.010354690564000001,0.0012341169,4.674415878089999e-07,2.19039912289e-07,9.32696240644e-07,0.0460612,0.0335706,0.0172255,-0.00167941,0.000349032,0.00075325,0.0021216341454399997,0.00112698518436,0.00029671785025,2.8204179481000003e-06,1.21823337024e-07,5.673855625e-07
-0.15765353769999998,0.073932476,-0.1765578921,-0.0494271004,-0.0480483693,-0.0425424397,0.050633300000000006,0.0308465,0.00409919,-0.00161104,0.0004965109999999999,0.000792323,0.0025637310688900006,0.0009515065622499999,1.68033586561e-05,2.5954498816e-06,2.4652317312099996e-07,6.277757363290001e-07,0.050618300000000005,-0.101758,0.03513,-0.0006836969999999999,0.000468017,0.000965762,0.0025622122948900003,0.010354690564000001,0.0012341169,4.674415878089999e-07,2.19039912289e-07,9.32696240644e-07
0.1157253556,-0.0507223065,-0.0498796733,-0.1828005046,0.0505720868,-0.0348884923,0.0506227,-0.110918,0.0285719,-0.0005479069999999999,0.000257164,0.000957897,0.00256265775529,0.012302802724,0.00081635346961,3.002020806489999e-07,6.613332289599999e-08,9.17566662609e-07,0.050633300000000006,0.0308465,0.00409919,-0.00161104,0.0004965109999999999,0.000792323,0.0025637310688900006,0.0009515065622499999,1.68033586561e-05,2.5954498816e-06,2.4652317312099996e-07,6.277757363290001e-07
-0.0070650672,-0.0302072396,-0.1395661812,0.109931175,-0.08617265980000001,-0.1224876806,0.0506422,0.0374131,0.00953408,-0.00150282,0.000347141,0.000802628,0.00256463242084,0.00139974005161,9.089868144640001e-05,2.2584679524e-06,1.2050687388099997e-07,6.44211706384e-07,0.0506227,-0.110918,0.0285719,-0.0005479069999999999,0.000257164,0.000957897,0.00256265775529,0.012302802724,0.00081635346961,3.002020806489999e-07,6.613332289599999e-08,9.17566662609e-07
-0.1051887561,-0.0570038939,0.1135172816,-0.1135098093,0.0211946996,0.0070837254,0.0506231,-0.111142,0.0285474,-0.00091701,0.0007693169999999999,0.0007165919999999999,0.0025626982536099997,0.012352544164000001,0.0008149540467600001,8.409073401e-07,5.918486464889999e-07,5.13504094464e-07,0.0506422,0.0374131,0.00953408,-0.00150282,0.000347141,0.000802628,0.00256463242084,0.00139974005161,9.089868144640001e-05,2.2584679524e-06,1.2050687388099997e-07,6.44211706384e-07
-0.0423314187,0.150716614,0.0223545559,0.0314944492,0.0179029858,-0.0369058582,0.0562842,0.0338694,0.0235475,-0.00108431,0.000579495,0.0008356889999999999,0.0031679111696399998,0.00114713625636,0.00055448475625,1.1757281761e-06,3.3581445502499997e-07,6.983761047209998e-07,0.0506231,-0.111142,0.0285474,-0.00091701,0.0007693169999999999,0.0007165919999999999,0.0025626982536099997,0.012352544164000001,0.0008149540467600001,8.409073401e-07,5.918486464889999e-07,5.13504094464e-07
0.1508334597,-0.030965761,0.0328852128,-0.0154420744,-0.0538941941,0.0958112682,0.0456364,-0.128324,0.051995000000000006,-0.000778751,0.000616416,0.0008531939999999999,0.00208268100496,0.016467048975999998,0.0027034800250000006,6.06453120001e-07,3.799686850559999e-07,7.279400016359999e-07,0.0562842,0.0338694,0.0235475,-0.00108431,0.000579495,0.0008356889999999999,0.0031679111696399998,0.00114713625636,0.00055448475625,1.1757281761e-06,3.3581445502499997e-07,6.983761047209998e-07
-0.0381751959,-0.0766574418,0.0246044916,0.1595786253,0.0215772989,-0.08022816690000001,0.0627934,0.0353671,0.028483699999999997,-0.0009471680000000001,0.0008147799999999998,0.00102765,0.00394301108356,0.00125083176241,0.0008113211656899999,8.971272202240001e-07,6.638664483999996e-07,1.0560645225e-06,0.0456364,-0.128324,0.051995000000000006,-0.000778751,0.000616416,0.0008531939999999999,0.00208268100496,0.016467048975999998,0.0027034800250000006,6.06453120001e-07,3.799686850559999e-07,7.279400016359999e-07
-0.07739256,0.08920700640000001,0.077979819,0.0246590109,-0.0862398353,0.007551564399999999,0.050631800000000005,0.0273035,0.0284426,-0.0014714699999999995,0.000331051,0.000619681,0.0025635791712400003,0.0007454811122500001,0.00080898149476,2.1652239608999985e-06,1.0959476460100001e-07,3.84004541761e-07,0.0627934,0.0353671,0.028483699999999997,-0.0009471680000000001,0.0008147799999999998,0.00102765,0.00394301108356,0.00125083176241,0.0008113211656899999,8.971272202240001e-07,6.638664483999996e-07,1.0560645225e-06
0.0891290018,0.0540595539,0.124005942,0.0087191729,0.0281951551,-0.0997895306,0.0706741,0.0273327,0.0448185,-0.00105075,0.00026987,0.0008256309999999997,0.00499482841081,0.0007470764892900001,0.0020086979422499996,1.1040755625e-06,7.282981690000001e-08,6.816665481609995e-07,0.050631800000000005,0.0273035,0.0284426,-0.0014714699999999995,0.000331051,0.000619681,0.0025635791712400003,0.0007454811122500001,0.00080898149476,2.1652239608999985e-06,1.0959476460100001e-07,3.84004541761e-07
0.0142104977,-0.0393780801,0.0027491439,0.2032126648,-0.111040446,-0.0594720192,0.0506574,0.027302999999999997,0.028436900000000005,-0.00166672,0.00043322699999999995,0.0006190869999999999,0.0025661721747599997,0.0007454538089999999,0.0008086572816100002,2.7779555584e-06,1.8768563352899994e-07,3.832687135689999e-07,0.0706741,0.0273327,0.0448185,-0.00105075,0.00026987,0.0008256309999999997,0.00499482841081,0.0007470764892900001,0.0020086979422499996,1.1040755625e-06,7.282981690000001e-08,6.816665481609995e-07
-0.0567059748,-0.0122606249,0.17599213149999998,-0.085737406,-0.048859733,-0.0080589862,0.0642235,0.0320884,0.0284819,-0.00118889,0.000646734,0.0008925510000000001,0.0041246579522500005,0.0010296654145600002,0.00081121862761,1.4134594321e-06,4.1826486675600005e-07,7.966472876010002e-07,0.0506574,0.027302999999999997,0.028436900000000005,-0.00166672,0.00043322699999999995,0.0006190869999999999,0.0025661721747599997,0.0007454538089999999,0.0008086572816100002,2.7779555584e-06,1.8768563352899994e-07,3.832687135689999e-07
0.0100818298,0.1321379091,-0.0018118909,0.0428527243,-0.0936264275,-0.1356534334,0.07168200000000001,0.0272865,0.010662999999999999,-0.00139134,1.14533e-05,0.0008743759999999997,0.005138309124000001,0.0007445530822500001,0.00011369956899999997,1.9358269956e-06,1.3117808088999997e-10,7.645333893759996e-07,0.0642235,0.0320884,0.0284819,-0.00118889,0.000646734,0.0008925510000000001,0.0041246579522500005,0.0010296654145600002,0.00081121862761,1.4134594321e-06,4.1826486675600005e-07,7.966472876010002e-07
0.1428137193,-0.083187279,0.12763638619999998,-0.044612985,-0.1533674524,-0.0473911606,0.0738213,0.027286900000000003,0.0284835,-0.00118332,0.0007310679999999998,0.0009387369999999999,0.005449584333690001,0.0007445749116100002,0.0008113097722499999,1.4002462224000002e-06,5.344604206239997e-07,8.812271551689999e-07,0.07168200000000001,0.0272865,0.010662999999999999,-0.00139134,1.14533e-05,0.0008743759999999997,0.005138309124000001,0.0007445530822500001,0.00011369956899999997,1.9358269956e-06,1.3117808088999997e-10,7.645333893759996e-07
-0.103059837,-0.0941876514,0.0654226242,0.0616999629,-0.1154763809,-0.1154225156,0.07620789999999998,0.027282400000000002,0.018496000000000002,-0.00119862,0.0007352339999999998,0.00102765,0.005807644022409997,0.0007443293497600001,0.0003421020160000001,1.4366899044000002e-06,5.405690347559996e-07,1.0560645225e-06,0.0738213,0.027286900000000003,0.0284835,-0.00118332,0.0007310679999999998,0.0009387369999999999,0.005449584333690001,0.0007445749116100002,0.0008113097722499999,1.4002462224000002e-06,5.344604206239997e-07,8.812271551689999e-07
-0.0156470909,0.1043137518,0.0817023601,-0.0502719376,-0.1840341699,-0.1294736698,0.0539697,0.019834400000000002,0.0219998,-0.00139134,0.000475321,0.00102765,0.0029127285180900004,0.00039340342336000007,0.00048399120004,1.9358269956e-06,2.2593005304100001e-07,1.0560645225e-06,0.07620789999999998,0.027282400000000002,0.018496000000000002,-0.00119862,0.0007352339999999998,0.00102765,0.005807644022409997,0.0007443293497600001,0.0003421020160000001,1.4366899044000002e-06,5.405690347559996e-07,1.0560645225e-06
0.0647732159,0.0395880164,0.0040516046000000005,-0.0149574314,-0.050851389,-0.2313718963,0.0626061,0.027302,0.0284356,-0.000989821,0.00032828,0.0010497,0.00391952375721,0.0007453992039999999,0.0008085833473599999,9.797456120410002e-07,1.0776775840000002e-07,1.10187009e-06,0.0539697,0.019834400000000002,0.0219998,-0.00139134,0.000475321,0.00102765,0.0029127285180900004,0.00039340342336000007,0.00048399120004,1.9358269956e-06,2.2593005304100001e-07,1.0560645225e-06
-0.0086810943,-0.0770790079,0.0162622839,0.1034610118,-0.0790428716,-0.0608915893,0.0593706,0.014191999999999998,0.0117751,-0.0015688,0.000644004,0.000840377,0.00352486814436,0.00020141286399999995,0.00013865298001,2.46113344e-06,4.14741152016e-07,7.06233502129e-07,0.0626061,0.027302,0.0284356,-0.000989821,0.00032828,0.0010497,0.00391952375721,0.0007453992039999999,0.0008085833473599999,9.797456120410002e-07,1.0776775840000002e-07,1.10187009e-06
-0.1197294006,0.0309667677,0.1232838116,-0.052917392300000005,0.06166953,-0.0743303342,0.0593182,0.0199644,0.028466700000000005,-0.0010759500000000002,0.000763361,0.00092623,0.00351864885124,0.00039857726736,0.0008103530088900003,1.1576684025000005e-06,5.827200163210001e-07,8.579020129e-07,0.0593706,0.014191999999999998,0.0117751,-0.0015688,0.000644004,0.000840377,0.00352486814436,0.00020141286399999995,0.00013865298001,2.46113344e-06,4.14741152016e-07,7.06233502129e-07
0.0231974755,0.16705205480000002,-0.0270305931,0.0821786187,0.0210966433,0.0286186458,0.0593269,0.027269099999999998,0.028436000000000003,-0.00139134,0.000523469,0.00092623,0.0035196810636100003,0.0007436038148099999,0.0008086060960000002,1.9358269956e-06,2.74019793961e-07,8.579020129e-07,0.0593182,0.0199644,0.028466700000000005,-0.0010759500000000002,0.000763361,0.00092623,0.00351864885124,0.00039857726736,0.0008103530088900003,1.1576684025000005e-06,5.827200163210001e-07,8.579020129e-07
0.1021160246,-0.050505440599999986,0.0375674748,0.00501825,0.0737098987,0.0667091864,0.0593168,0.014449799999999999,0.0376726,-0.00126186,0.00076433,0.00092623,0.00351848276224,0.00020879672003999995,0.00141922479076,1.5922906596000001e-06,5.842003489000001e-07,8.579020129e-07,0.0593269,0.027269099999999998,0.028436000000000003,-0.00139134,0.000523469,0.00092623,0.0035196810636100003,0.0007436038148099999,0.0008086060960000002,1.9358269956e-06,2.74019793961e-07,8.579020129e-07
-0.1102324684,-0.0481251618,-0.003897357,0.08955009779999999,0.0417338057,0.08401136109999999,0.08416429999999997,-0.00018543099999999998,0.0263276,-0.00114909,0.000583559,0.00113843,0.007083629394489995,3.4384655760999995e-08,0.00069314252176,1.3204078281e-06,3.40541106481e-07,1.2960228649e-06,0.0593168,0.014449799999999999,0.0376726,-0.00126186,0.00076433,0.00092623,0.00351848276224,0.00020879672003999995,0.00141922479076,1.5922906596000001e-06,5.842003489000001e-07,8.579020129e-07
