WhiteMatter	GlobalSignal	stdDVARS	non-stdDVARS	vx-wisestdDVARS	FramewiseDisplacement	tCompCor00	tCompCor01	tCompCor02	tCompCor03	tCompCor04	tCompCor05	aCompCor00	aCompCor01	aCompCor02	aCompCor03	aCompCor04	aCompCor05	Cosine00	Cosine01	NonSteadyStateOutlier00	X	Y	Z	RotX	RotY	RotZ
5792.451171875	8503.8994140625	n/a	n/a	n/a	n/a	0.0	0.0	0.0	0.0	0.0	0.0	0.0	0.0	0.0	0.0	0.0	0.0	0.0	0.0	1.0	-6.04871e-10	0.0	2.44825e-10	0.0	7.19281e-05	0.0
-365.0394287109375	98.81414794921876	1.55634868	19.71910095	1.1510942	0.028050767030045998	-0.006635144	-0.1049593425	-0.0075499576	0.1306122909	-0.0677389775	0.0532721222	-0.0105837728	-0.0712172615	0.027668963900000003	-0.0006502937	0.061796733300000004	-0.1634838347	0.11784411859999999	0.1178230848	0.0	0.0144289	-3.16739e-06	5.00428e-06	9.6194e-05	0.000129524	0.00011848400000000003
-3761.780029296875	-1882.271240234375	1.17749822	14.91902542	0.96075004	0.04763424327000001	0.1050242993	0.0371622331	0.09680472779999999	0.027802141800000003	-0.0199728716	-0.0628818819	-0.1076354918	-0.0069403577	0.060329639500000004	0.08512846689999999	-0.0687163703	0.0789394913	0.11778803119999999	0.1175988019	0.0	0.00457649	1.27412e-05	-1.25704e-05	-0.000410765	-0.0	0.0
-1843.395751953125	-1144.981689453125	1.23468328	15.64356613	0.94097286	0.057226439199999986	-0.0307794929	0.0991862193	0.0899288141	-0.0816765669	-0.0857888319	0.0206901083	-0.0142797851	0.0963868282	0.1180246058	-0.1200125567	-0.076155036	0.0356574558	0.1176758831	0.1171506629	0.0	0.00800411	0.00881229	0.0187412	0.00011414500000000003	-0.0	0.0
-636.6363525390625	-1787.567138671875	1.12971044	14.31355	0.8998853	0.0564388874	-0.0736620144	0.05556855769999999	-0.007788954	0.0864655909	-0.0808270125	0.0545518005	0.059334068899999995	0.083085638	0.0007571295	0.0373403833	-0.0610586794	-0.043326912999999995	0.1175077276	0.1164795211	0.0	0.00493359	0.000443193	-1.25704e-05	-0.000410765	-0.0	0.0
1891.2479248046875	-669.6524658203125	1.36724663	17.32315826	0.96150333	0.04332422739999999	-0.10381599220000001	-0.0957954574	0.0923359669	-0.0123861553	-0.1186022231	-0.09694445410000001	0.1038489784	-0.081009709	0.0631740667	-0.051045033200000006	-0.0503326355	-0.0076426143	0.1172836448	0.11558665380000001	0.0	0.0	0.00605451	0.0222495	-0.00020042	-0.0	0.0
-37.6175537109375	-1140.36279296875	1.26142681	15.98240948	0.99368113	0.06125959	0.12003066720000001	-0.08000890849999999	0.0060033872	0.059772098499999995	-0.0672457482	0.09158485849999999	-0.1015766067	-0.08872265480000001	-0.0320958961	0.0689615034	-0.0150129051	0.0385344721	0.1170037413	0.1144737607	0.0	0.0277022	0.00560402	0.0047159	-0.000217979	0.000117183	0.000176724
234.5167236328125	-529.5732421875	1.12137914	14.20799065	0.97095704	0.06383847299999999	0.0496151529	0.12759723050000002	-0.0106637067	-0.0989181491	-0.0300616326	-0.0544263575	-0.0849047411	0.0937559284	-0.0056613982999999994	-0.0559140192	-0.0190469745	0.07749013910000001	0.11666815039999999	0.11314296039999999	0.0	0.0	0.000662497	0.011576	-0.000410765	-0.0	0.0
-1152.973876953125	-2185.53369140625	1.42970777	18.11454773	0.95314926	0.081895109	-0.0762998692	0.0529509864	-0.0496334836	-0.0738387052	0.094537119	0.0497084569	0.0667130837	0.0731042701	0.0102368177	-0.0623862631	0.1319359188	0.0522156652	0.1162770318	0.11159678599999999	0.0	0.0248273	0.000695206	0.0171577	0.000103595	0.000514708	0.0
-830.214599609375	-1882.869140625	1.53888535	19.49783897	0.9671213	0.057066561	-0.059932619000000006	0.028290624	-0.1307511942	0.0723535803	-0.0203656649	-0.0743050195	0.0521262951	0.053878090499999996	-0.1174108453	0.127757171	0.0038874902	0.0746435908	0.1158305716	0.10983818070000001	0.0	0.0104512	0.000662495	0.0160938	-0.000410765	0.000197191	0.0
733.1697998046875	-769.0795288085938	1.23262346	15.61746883	1.01478195	0.065918775	-0.1000017272	-0.11670448800000001	0.013232883400000001	-0.10369504189999999	0.026582261200000002	-0.10781376449999999	0.106178861	-0.0936969159	0.0425809525	-0.0677507826	0.0505273946	0.09850349509999999	0.11532898230000001	0.10787049230000001	0.0	0.018829	-0.0036731	0.0311559	7.73786e-05	0.000332637	0.00013927600000000003
98.30413818359376	1737.4600830078125	1.18398941	15.00127029	1.02345037	0.08504579989999998	0.0755531044	-0.110714984	-0.0673596278	-0.0096795136	0.016686158899999998	0.0048614058	-0.0318142356	-0.10519612460000001	-0.11882028619999999	0.06269938650000001	-0.008960855799999999	0.023296314199999998	0.1147725027	0.10569746619999999	0.0	0.0248324	-0.0150739	1.18551e-05	-3.77725e-05	-0.0	0.000421439
1283.4384765625	2815.999755859375	1.07486057	13.61859608	0.99963152	0.0382783092	0.1299801387	-0.0188383537	-0.04555124730000001	-0.1259688161	-0.0159742794	-0.0600709758	-0.0937739073	-0.0637162733	-0.0948400267	-0.06538483889999999	-0.057159622599999994	0.14975132929999999	0.11416139759999999	0.103323239	0.0	0.0161303	-0.0143369	-1.16791e-05	-0.000410765	0.000136754	0.000354872
1573.8228759765625	2080.664306640625	1.32520568	16.79049492	0.98698825	0.05425806449000001	0.0655955884	0.061345269	-0.0863821505	-0.0671879334	0.0321725379	0.10506528	-0.0989921931	0.0244534221	-0.0481267187	-0.145942682	0.0505827573	0.0041356151	0.11349595779999999	0.10075233019999999	0.0	0.0248208	-0.00644816	-3.11461e-06	7.48392e-05	-0.0	0.000485919
-3397.792724609375	1109.203857421875	1.04598236	13.25270557	0.99196351	0.024263943600000008	0.0164658632	0.0756297287	-0.1496033881	0.0399070506	0.06552291269999999	-0.0648765826	-0.0114289977	0.11016175339999999	-0.1470310008	0.060401452800000005	0.0599652621	-0.0036758128000000004	0.1127765001	0.09798963349999999	0.0	0.0248192	-0.010835	4.17899e-06	-0.000216094	0.000106431	0.000485919
874.9666137695312	1998.118408203125	1.39917135	17.72764778	1.02653956	0.048190111009999995	-0.1191185198	-0.059459229100000004	-0.0404764054	-0.1175581517	0.1402474398	0.112176372	0.129609076	-0.0575920809	-0.0325205065	-0.1384323456	0.037748344100000004	0.0365622366	0.1120033669	0.0950404081	0.0	0.0148289	-0.0208319	0.00375274	-0.000410765	0.000180772	0.000265844
-1296.399169921875	802.657958984375	1.23125768	15.60016346	1.0816406	0.14509288	-0.0447181501	-0.0666427091	-0.1493805228	0.0559765141	-0.007579099200000001	0.045460260599999996	0.043828682800000004	-0.030252945	-0.1219023372	0.0284038254	0.009440614200000001	-0.0057370558999999995	0.1111769262	0.09191026779999999	0.0	0.0489049	-0.0207789	0.00497822	0.00101326	1.0587899999999999e-22	0.000855815
1031.1103515625	2935.197509765625	1.38299322	17.52266884	1.09259915	0.13758139	-0.0248483733	-0.11030420949999999	-0.0812169197	-0.07037441679999999	-0.0099522698	-0.22884381260000003	0.061743881900000006	-0.0803401139	-0.1279256975	-0.0275245173	-0.011307774199999999	0.0836376356	0.11029757119999999	0.088605171	0.0	0.0269993	-0.0208904	0.00675306	-0.000420459	-0.000231968	0.000245713
2996.86962890625	1950.1121826171875	1.34388173	17.0271225	1.01698756	0.0803462395	0.1047270759	-0.1404647386	-0.0861282916	-0.018032329399999998	0.035633905	0.0953739312	-0.057102373	-0.1538225098	-0.10293854779999999	-0.060177175599999994	0.0613932472	-0.0711663593	0.10936572060000001	0.0851314093	0.0	0.0444736	-0.00195187	0.00736401	7.615189999999999e-06	-0.0	0.00045212
1756.6290283203125	573.5267944335938	1.07458699	13.61513042	0.97963935	0.0516470545	0.1464392152	0.0090297583	-0.0207532631	-0.056749202900000004	0.0107735644	-0.008297969	-0.1438762192	-0.0190063268	-0.038952493	-0.0557282865	0.0624564362	-0.0465422489	0.1083818179	0.08149559519999999	0.0	0.0298927	-0.0121259	0.00103999	-0.000175712	7.21129e-05	0.000296198
441.6383666992188	-537.80859375	1.40070367	17.74706268	0.99722576	0.049515015	-0.0493632508	0.080361205	0.0212325625	-0.0811464929	0.09812793310000001	0.0724631614	0.027870941099999998	0.0708621652	0.044911830599999994	-0.1409292247	0.0507432	-0.030289441099999998	0.10734633119999999	0.0777046495	0.0	0.0298763	-0.0121074	0.018999	0.00031217	0.000157895	0.000352956
-1628.852294921875	-1829.01904296875	1.36093271	17.24316025	1.05360234	0.15281784999999998	-0.0390066278	0.0624222986	-0.1082746684	0.1059284565	0.021685601800000003	0.055316068200000006	0.0398988761	0.07998876490000001	-0.0919446352	0.0943238318	0.0200899995	-0.056297869900000005	0.1062597535	0.0737657886	0.0	0.0510686	-0.0122803	0.0257578	-0.00142834	1.9955699999999999e-22	0.000948428
-307.5928955078125	-1155.1044921875	1.50207102	19.03139687	1.08659756	0.12430525	-0.0450153201	-0.11524330529999999	0.052352927800000004	-0.0637031767	0.0114672315	-0.10577626130000001	0.0759011721	-0.1152868006	0.0486797355	2.86089e-05	-0.0002231697	0.0455520659	0.105122602	0.0696865104	0.0	0.0364954	-0.0123436	0.018606	-0.000105555	-0.0	0.000220874
294.79144287109375	-2036.31494140625	1.23287582	15.62066555	1.025594	0.04980905	0.0881010841	-0.0395210954	0.0793219776	-0.0334753733	0.015113864	0.060154526500000007	-0.07428677610000001	-0.0835043726	0.0755076159	-0.0099493799	-0.0582706713	0.0189694631	0.10393541769999999	0.0654745799	0.0	0.059281	-0.0104413	0.0186056	0.000205703	-0.0	0.000412031
2314.05078125	-367.0252685546875	1.14474988	14.50410175	0.99075127	0.05137405	0.0325456796	0.1363333125	0.0065288801	-0.043019313200000006	-0.0715604409	-0.0303964444	-0.060961269500000005	0.09889231289999999	-0.023829413900000002	-0.0373059971	-0.1408807847	0.047096469800000006	0.1026987659	0.0611380148	0.0	0.0301954	-0.0146567	0.018606	-0.000105555	4.90379e-24	0.000361836
1380.18505859375	-316.6106872558594	1.23952496	15.70491123	1.01514316	0.04810945	-0.0905862699	0.0267703598	0.025349302400000003	-0.0623315028	0.029777281000000003	0.12113073699999999	0.0665653655	0.038480334399999996	0.029674359900000002	-0.1190728122	0.0363620129	-0.1051264343	0.101413235	0.05668507	0.0	0.0364891	-0.017258	0.0286091	0.000272748	-0.0	0.00056776
2254.194580078125	36.80392456054688	1.31198406	16.6229763	0.97830778	0.05834962500000001	-0.0686996147	0.0111552087	-0.050224564000000006	0.07924042519999999	-0.0726393829	0.0607501229	0.0567489269	0.0303007224	-0.0865693388	0.0440428338	-0.07989959049999999	-0.1321419648	0.1000794369	0.052124222000000005	0.0	0.0364924	0.000204925	0.028606	-0.000105555	1.7409199999999998e-24	0.000128457
-1.171142578125	-685.281494140625	1.18013525	14.9524374	0.95010966	0.065010935	-0.0272417062	-0.1405082818	0.033379427999999996	0.0084480293	-0.0606599195	-0.0015204189999999999	0.051057310999999994	-0.1314572244	0.045447666399999996	-0.0450124634	0.0185892006	-0.1167156163	0.0986980063	0.0474641526	0.0	0.0597464	0.00409421	0.0286158	0.000144445	0.00025	0.000385614
819.8382568359375	-2325.866943359375	1.27584326	16.16506767	1.02519953	0.07074476	0.1572167549	0.0182142416	0.0245289286	0.0917779517	-0.0479349525	0.058272409000000004	-0.17131852690000002	-0.0155605758	0.051813969800000005	0.0190695708	-0.0055099466	-0.1482812832	0.0972696009	0.0427137324	0.0	0.0673527	0.00410162	0.0148905	-0.000105555	-0.000304877	0.000202376
-1683.02734375	-3272.702392578125	1.24963403	15.83299446	0.95416474	0.048536117	-0.060370586600000005	0.10757200630000001	0.1098981123	-0.050597955	-0.0437136007	0.0492449473	0.0297244925	0.1009743966	0.14712816609999999	-0.048721277199999996	-0.0816236879	-0.0265678052	0.0957949005	0.0378820043	0.0	0.0593407	0.000628453	0.0286126	-0.000105555	0.000142587	0.000221489
-3965.26806640625	-4943.53759765625	1.15506077	14.63474178	0.91209817	0.047377587	-0.13697913820000002	0.045526551900000004	0.0935811648	0.0562853221	-0.0315534835	0.1404985154	0.1143162603	0.0590136086	0.12659781050000002	0.058582644100000004	-0.046001085	-0.0552759033	0.0942746068	0.0329781656	0.0	0.067346	0.00406474	0.0285827	-0.000105555	-0.000229264	0.00056776
-3225.1337890625	-2874.998046875	1.51260793	19.16490173	0.98178399	0.05167501	-0.0498483584	-0.0366546488	0.0572146141	0.08706831539999998	-0.1823315286	-0.1660079206	0.045905403399999996	-0.008111764300000001	0.0206156581	0.1487483956	-0.16009752019999998	-0.0035502102000000003	0.0927094435	0.028011551000000003	0.0	0.0496646	-0.0191528	0.0285994	-0.000105555	-1.40766e-05	0.00056776
-601.7493286132812	-359.8335876464844	1.14805996	14.54603958	1.03708351	0.026293625	0.0350610659	-0.0794800105	0.10716534929999999	-0.1167780538	-0.1615816646	0.0921472828	-0.0158875694	-0.1176508169	0.1073008466	-0.0476794679	-0.1406146854	0.1161379805	0.09110015560000001	0.022991614900000002	0.0	0.0682871	-0.0127472	0.0286009	-0.000105555	-3.93571e-05	0.00056776
16.510009765625	69.83102416992189	1.32703876	16.8137207	0.96485811	0.052039595000000015	0.0834011009	0.11544913150000001	-0.0821215225	-0.007674799499999999	-0.22045476579999998	0.0160510078	-0.10117119039999999	0.0871190462	-0.0731868249	-0.0192800231	-0.1369021074	0.021731224	0.0894475089	0.017927913	0.0	0.0680793	0.00406474	0.00709674	-0.000105555	-0.000309671	0.00056776
729.3943481445312	1271.49560546875	1.15521801	14.63673306	0.9711023	0.0530004	-0.1180893989	-0.0150412946	-0.0072785509	-0.1185900948	-0.0780387743	0.1053164036	0.1238375607	-0.0050096336	-0.0064199115	-0.12045462650000001	-0.0237115194	0.030503879100000002	0.08775229	0.0128300842	0.0	0.0496727	-0.0145111	0.0185755	-0.000105555	-0.000218887	0.00056776
-8.59625244140625	-234.71478271484372	1.18161464	14.97118092	0.97695416	0.021951550000000004	-0.0334432793	-0.0495251256	-0.06928529559999999	0.1038792749	-0.1092688434	-0.0119628723	0.027946455099999996	-0.0206957109	-0.0638062289	0.0700203511	-0.002062537	-0.0610906379	0.0860153059	0.0077078327	0.0	0.0572524	-0.0129219	0.0212758	-0.000105555	-0.000420534	0.00056776
1107.5380859375	1165.5748291015625	1.27647161	16.17302895	0.98429072	0.04147445	0.025712057200000003	-0.1123631233	0.055561846399999996	-0.1073745217	0.0750462364	-0.0168645323	0.037459796600000005	-0.12259497609999999	-0.0090657274	0.049226855599999994	0.0229759265	0.09373635429999999	0.08423738300000001	0.0025709089	0.0	0.0496849	-0.0129219	0.0224961	-0.000105555	0.000233199	0.00056776
1078.5474853515623	911.4893798828124	1.22803867	15.55937862	0.97825134	0.05073542	0.1242665192	-0.0386008211	-0.0387270391	-0.047963960300000004	0.0094193072	0.0320751477	-0.1172450317	-0.0695586096	-0.0160672323	-0.050827549400000005	0.052497527	-0.010425839499999999	0.0824193678	-0.0025709089	0.0	0.0690231	-0.00678108	0.014783	-0.000105555	-0.000117667	0.00056776
-142.94317626953125	3075.279052734375	1.13436794	14.37256145	0.97753364	0.08221071999999999	0.0354769375	0.09430519109999999	-0.0959569458	-0.106807275	0.011470261399999999	-0.0726181033	-0.0558835958	0.0868078817	-0.0932523816	-0.045428082300000006	-0.038893796200000004	0.1616487114	0.0805621254	-0.0077078327	0.0	0.0496898	-0.0374557	0.00834435	-0.000335002	0.000168169	0.00056776
0.56622314453125	2485.568603515625	1.08686912	13.77074528	0.92524374	0.05686314000000001	-0.0365932848	0.0343147182	-0.0928951325	-0.0947062474	0.1180174972	0.0163501434	0.0575418677	0.0478776208	-0.0777179268	-0.0730620256	0.0740279108	0.0562570971	0.0786665398	-0.0128300842	0.0	0.0496528	-0.0164061	0.0123163	8.65428e-05	0.000296686	0.00065379
447.9505615234375	2016.233154296875	1.24831069	15.81622696	0.95571268	0.061007808	-0.0025117369	0.018559649299999998	-0.20326631960000002	0.1163347619	0.1080411725	0.057390316600000005	0.0176888396	0.0375339956	-0.18649844059999998	0.09723651470000001	0.0802403626	-0.07355571799999999	0.0767335132	-0.017927913	0.0	0.0326932	-0.0164072	0.0008770819999999998	-0.000105555	-7.734399999999998e-05	0.00056776
-1303.9150390625	-1082.727294921875	1.2891959	16.33424759	1.04981148	0.056554123	-0.0292740861	-0.1213877208	-0.036670938	0.0097632868	0.10030192980000001	-0.0814384814	0.0472973892	-0.0829633011	0.0280307191	-0.0268122046	0.212063905	-0.056970520999999996	0.0747639655	-0.022991614900000002	0.0	0.0416739	-0.0164014	0.0285974	0.000184334	2.97131e-05	0.00056776
-2378.40576171875	-2107.937744140625	1.20956028	15.32525635	1.036394	0.05876779500000001	0.1593562383	0.0006681375	-0.038132647900000004	0.1063362573	0.1229091718	-0.0798029346	-0.12006176460000001	-0.020066459	-0.060739708200000006	0.20033949510000001	0.1006875482	0.0727697658	0.07275883429999999	-0.028011551000000003	0.0	0.0508803	-0.0164031	0.00659713	-0.000105555	-7.694839999999998e-05	0.000413122
-2732.646484375	-3458.14794921875	1.16510761	14.76203632	1.01366913	0.08174319	0.030099844100000002	0.0982581303	0.08204523820000001	-0.060416614800000004	0.18583412489999998	-0.0338416036	-0.0490845658	0.0663390234	0.106354718	-0.0002124615	0.15523773710000002	0.06962955679999999	0.0707190738	-0.0329781656	0.0	0.0326828	-0.0164047	0.0285896	0.000144445	0.000349446	0.00056776
-3081.136962890625	-4598.7333984375	1.32159758	16.74477959	0.94957125	0.049429055	-0.0344981897	0.1103894239	0.0093849024	0.1172459712	0.1789420059	-0.012348281599999998	0.0272821146	0.14374448880000001	0.0527550291	0.11727844550000001	0.1646668968	-0.0365946923	0.0686456549	-0.0378820043	0.0	0.0427499	-0.0279832	0.0108179	9.26999e-05	0.000200956	0.00056776
-857.002685546875	-5106.31884765625	1.64843237	20.88581085	0.96452135	0.07954059499999999	-0.1159059453	0.0295972914	0.0591641382	0.0940511344	0.030591131299999998	-0.10002581140000001	0.11941972869999999	0.0598492803	0.0449542967	0.1378265825	0.0330012393	0.0659926054	0.06653956429999999	-0.0427137324	0.0	0.0326837	-0.0383569	0.0263108	-0.000616988	0.000363424	0.00056776
-350.3683166503906	-5677.904296875	1.29659879	16.42804337	1.04116273	0.12209475	-0.0177658928	-0.0810538926	0.1358625442	0.10526991390000001	0.14419393519999998	-0.0408607321	0.030905053999999998	-0.06750541780000001	0.1522032963	0.1238895809	0.0744876699	-0.0768183584	0.0644018046	-0.0474641526	0.0	0.0585377	-0.0213314	0.0469382	0.000202875	0.000126006	0.000682236
-394.3589477539063	-3336.73974609375	1.21244681	15.36182785	1.05440807	0.08565254549999998	0.09776904880000001	0.0407626075	0.1330684249	0.0273750066	0.0476092758	-0.1106652939	-0.0864439843	-0.0053405524	0.095793592	0.0942892761	-0.0599718238	0.0589243298	0.062233393	-0.052124222000000005	0.0	0.0534477	-0.0349437	0.0237295	-0.000517105	6.05409e-06	0.000717135
80.650390625	-3068.0751953125	1.34575343	17.05083656	1.00084567	0.08525834550000001	-0.0157034271	0.12314937109999999	0.0860800475	-0.035798859700000005	0.0373254035	-0.0002608363	-0.0094443654	0.1081993642	0.10770707880000001	-0.0653951525	-0.0032787553999999997	-0.0040496588	0.0600353617	-0.05668507	0.0	0.0677205	-0.0189625	0.0286215	0.000283817	0.000207379	0.000717135
2987.40966796875	-1646.4105224609375	1.23864841	15.69380569	1.01114154	0.10696208	-0.0553590992	0.08791893449999999	-0.028616982000000003	0.1214491359	0.058988168099999995	-0.0063378172	0.0416711374	0.1165157662	-0.0614961421	0.0932149884	0.007520741700000001	-0.0544287201	0.0578087569	-0.0611380148	0.0	0.0508656	-0.0410854	0.00778987	-0.000517105	6.5248e-05	0.000717135
1077.169189453125	-2175.245849609375	1.34523571	17.04427719	0.99190259	0.07790491499999999	-0.08078986839999999	-0.09737322300000001	0.0709338509	0.034923283799999996	0.039283239399999996	-0.0838154349	0.0883672181	-0.05808604269999999	0.09817792880000001	-0.0478369402	0.0738513851	-0.1116795935	0.055554638200000006	-0.0654745799	0.0	0.0508554	-0.0331194	0.0286263	6.32227e-05	0.000466766	0.000717135
538.678466796875	-2789.831298828125	1.21866882	15.44066143	0.96149242	0.040540635000000005	0.1578073192	-0.0201113921	0.0398463705	0.10950893029999999	0.056938932000000005	0.0312315057	-0.137440421	-0.048219097300000006	0.0026188404	0.10965784880000001	-0.0200486803	-0.029672010099999997	0.053274078499999995	-0.0696865104	0.0	0.0508486	-0.0310838	0.0185776	-0.000440083	0.000401081	0.000717135
-1093.5621337890623	-2740.291748046875	1.25780249	15.93649006	0.97027344	0.03497505	-0.0220152072	0.1146932368	0.11588093710000001	-0.0536011077	0.0237301268	-0.013760206200000001	-0.0041551684	0.1101863482	0.11032777630000001	-0.048928907599999995	-0.0023512985999999997	0.0170706116	0.0509681633	-0.0737657886	0.0	0.0508537	-0.0410785	0.0185815	-0.000199072	0.000142665	0.000717135
-476.3028259277344	-3759.502197265625	1.25775588	15.93589973	0.96844435	0.053142405	-0.0812786963	0.06499767669999999	0.0345195228	0.12669203099999998	0.1161511049	0.1164738744	0.0710801682	0.0874955236	0.060385737	0.0647824053	0.0357271768	-0.1114166964	0.048637989900000005	-0.0777046495	0.0	0.0571576	-0.0276263	0.0285951	0.000129821	4.1039e-06	0.000717135
-13.79345703125	-2860.337646484375	1.6425395	20.81114769	1.03003359	0.081299005	0.0188496646	-0.030346765499999998	0.1406237516	0.0790043976	0.0460025418	-0.1127647051	0.0227686631	-0.036892671200000005	0.07722825559999999	0.201137492	-0.0328181903	0.0476174221	0.0462846675	-0.08149559519999999	0.0	0.0508639	-0.0410854	0.024368	-0.000517105	0.00050356	0.000717135
-1986.2840576171875	-3619.173095703125	1.28328395	16.25934219	1.05222332	0.07397740000000001	0.0501539821	0.0886673315	0.1384382469	-0.0185607413	0.034215951	-0.0448544713	-0.1063711298	0.0624094746	0.19328918550000002	-0.0183346117	0.08124588940000001	0.020394601499999998	0.043909316100000005	-0.0851314093	0.0	0.0628736	-0.0364614	0.0286186	0.000187167	0.000206462	0.000777627
-1812.649658203125	-3606.13330078125	1.33676755	16.93698502	1.01155889	0.10415285000000002	-0.0621919338	0.125411009	0.0124294771	0.09603719179999999	0.042386569699999994	-0.1087653701	0.027550314500000003	0.1601911781	0.034107452999999996	0.1076242279	0.0472860369	0.025848709700000003	0.0415130663	-0.088605171	0.0	0.0508702	-0.0546152	0.0156426	-0.000517105	-0.000109588	0.000577556
-965.515380859375	-4192.09375	1.45382619	18.42012978	0.93822294	0.06763950000000002	-0.0914657584	-0.0584663905	0.0849174427	0.09094355609999999	0.0631952716	-0.1418632389	0.09335092539999999	-0.0226411954	0.1261522293	0.0840684274	0.10511111320000001	-0.009515812299999999	0.039097058399999995	-0.09191026779999999	0.0	0.0508304	-0.0607475	0.0355446	-0.000517105	0.000582141	0.000717135
-1948.6309814453125	-2719.67919921875	1.0998776	13.93556404	0.93367171	0.04487245000000001	0.0531993211	-0.0103286569	0.1424121759	0.0570201921	0.0828764738	-0.0661911043	-0.060179605899999995	-0.0415971198	0.12074655449999999	0.1248054366	-0.037941833700000004	0.0856846117	0.0366624425	-0.0950404081	0.0	0.0508438	-0.0403304	0.0285561	-0.000517105	0.000233072	0.000717135
620.8783569335938	1380.7353515625	1.16725504	14.78924465	0.98591268	0.049648215	-0.0269339254	0.08639791720000001	0.0791706589	-0.0698666845	-0.1099123075	0.0129330434	-0.0063161679	0.09051230880000001	0.0626613224	-0.1168046433	-0.1148386666	0.0207039376	0.0342103773	-0.09798963349999999	0.0	0.0508346	-0.0347391	0.028627	5.13603e-05	0.000544143	0.000717135
3013.2626953125	1264.64990234375	1.21289861	15.36755276	0.93793637	0.066850115	-0.0254522667	0.0418109355	-0.0942156405	0.1595831707	-0.0493186724	0.0896201091	0.0211847828	0.0523285847	-0.1234251234	0.0514592366	-0.0446744866	-0.1731167125	0.0317420298	-0.10075233019999999	0.0	0.0508546	-0.0403304	0.0285353	-0.000517105	-0.000110334	0.000717135
3926.64697265625	1738.5645751953125	1.45516443	18.43708611	0.98579603	0.07496148999999999	0.0736181553	-0.1291064019	0.0900252728	0.013673246200000001	0.0882952333	0.10228863810000001	-0.026150203700000003	-0.1567330861	0.034214661800000004	-0.043195761299999996	0.0324276279	-0.1437108972	0.0292585748	-0.103323239	0.0	0.0675261	-0.0403331	0.0285941	-5.70802e-05	0.000305316	0.00100603
663.2814331054688	-1280.5208740234375	1.48103666	18.76489067	0.98403126	0.05437764	0.1214023578	0.12304703310000001	0.007135735600000001	0.1349253828	0.04354221849999999	0.0723946937	-0.16781066239999998	0.0892465266	0.0088402571	0.0211825708	0.061417212	-0.0917210228	0.026761194199999998	-0.10569746619999999	0.0	0.0508493	-0.0303303	0.028564	-0.000225488	0.000222782	0.000703613
-1260.834228515625	-1490.3563232421875	1.20586061	15.27838039	0.95305008	0.068477	-0.1392697235	0.0582157166	0.0769247473	-0.0460248993	0.1248520176	-0.0006961456	0.13658419970000002	0.0839175739	0.0787875104	0.0003751764	0.0389837175	0.042706872699999995	0.0242510768	-0.10787049230000001	0.0	0.0508637	-0.0544048	0.0480344	-0.000628623	0.000277999	0.000743615
-537.5748291015625	-1052.441650390625	1.28207362	16.24400711	0.93466794	0.06337024999999999	-0.029670724	-0.0599378483	0.0062441164	0.132098985	-0.0126076506	-0.1643673228	0.0391420323	-0.0188121113	0.0026178222	0.1293849273	-0.0115035182	-0.0315931192	0.0217294173	-0.10983818070000001	0.0	0.0508546	-0.0403398	0.0306628	-0.000163824	0.00037207	0.0008232359999999998
-1496.1905517578125	881.972900390625	1.15032566	14.57474709	0.98451704	0.017498650000000008	0.0407487686	0.0119303987	0.1083981999	-0.086277046	-0.06959065440000001	-0.0290226737	-0.0752961303	-0.0098154888	0.12716498880000002	-0.0550663746	-0.0689609789	0.0401797235	0.0191974156	-0.11159678599999999	0.0	0.0508581	-0.0403397	0.0285617	-0.000238597	0.000184579	0.000777621
-816.05615234375	2739.512451171875	1.52438545	19.31412315	0.97570306	0.033433569999999996	-0.0212596959	0.10799582699999999	-0.0300102016	0.0441653004	-0.1273222039	-0.0107864444	0.003825416	0.1211421859	-0.0521064842	-0.0347456242	-0.1078070501	-0.048119351	0.0166562771	-0.11314296039999999	0.0	0.0508267	-0.0403341	0.00541563	-0.000275352	0.00034938	0.000781075
1688.9532470703125	3343.302001953125	1.50445271	19.06157303	0.97425139	0.04088057	-0.1105400014	-0.09548466039999999	0.019204345	-0.0118346445	-0.1671081232	-0.0250298084	0.1134761562	-0.0822980757	0.0095975903	-0.0935822918	-0.1400798619	-0.002595273	0.014107211100000001	-0.1144737607	0.0	0.0508371	-0.0383446	0.028537	-0.000475488	0.000267519	0.000747886
3523.087646484375	3431.716552734375	1.28587437	16.29216385	1.01229906	0.05403756000000001	0.1005068972	-0.10950571619999999	0.0382792633	0.0101597288	-0.0351490858	0.12399354259999999	-0.0802019871	-0.131991195	-0.0229557286	-0.0369764301	-0.08389821189999999	-0.0201353113	0.0115514308	-0.11558665380000001	0.0	0.0508306	-0.0403116	0.028599	0.000297767	6.72268e-05	0.0008143799999999999
1614.846923828125	3034.25634765625	1.29667997	16.42907143	1.00435817	0.07915190999999999	0.0420467974	0.1131784251	-0.0463028371	-0.023839918999999998	-0.0528655479	-0.0033756359000000004	-0.0658451896	0.0960042532	-0.072363161	-0.0724259174	-0.0279584211	-0.0201920809	0.0089901526	-0.1164795211	0.0	0.0408175	-0.0474956	0.0285421	-0.000475488	0.000475638	0.0007580879999999998
-1027.3936767578123	1472.9207763671875	1.32013762	16.72628212	1.05809224	0.15792765	-0.0843832288	-0.0050119077	-0.0855974425	0.045060187300000006	0.091513444	0.1300488645	0.0835983248	0.0178574275	-0.0364266239	-0.0017682252999999999	0.09945487369999999	-0.0963858789	0.0064245956	-0.1171506629	0.0	0.0671472	-0.0576593	0.0569679	-0.00130577	0.000671133	0.00159248
-1362.0093994140625	901.7103881835938	1.52335525	19.30107117	1.0378722	0.11890015	0.1184710885	-0.0763970932	-0.0022512892999999997	0.0088097765	0.0677922474	-0.0090795817	-0.06945585160000001	-0.0887507367	-0.0504015124	0.11281236900000001	0.0423366397	0.12173690359999999	0.0038559809	-0.1175988019	0.0	0.0507593	-0.0575253	0.028502	-0.0008651229999999998	0.000498098	0.000727915
-4303.0	-57.5	1.44109881	18.25887299	1.04074228	0.130796635	-0.011541584799999999	0.056401941399999996	0.032447311	-0.1188732905	0.0468214299	-0.0190006418	-0.0067377878000000006	0.051602454000000006	0.0771057662	-0.0516384695	0.043565028799999996	0.09256748199999999	0.0012855308999999999	-0.1178230848	0.0	0.0429004	-0.0454987	0.0690961	-0.000117461	1.14533e-05	0.000899949
-785.7406616210938	1184.41455078125	1.21675825	15.41645527	1.03856659	0.0711033	-0.0833383224	0.043494894299999996	-0.0662094425	0.0546795403	0.013978210800000002	-0.0486348294	0.09129433740000001	0.0732024825	-0.08331805639999999	0.1022761665	-0.0607768844	0.0283597927	-0.0012855308999999999	-0.1178230848	0.0	0.03561	-0.0575363	0.0499847	-0.000761298	1.14533e-05	0.000890508
2540.768798828125	3716.8291015625	1.48692286	18.839468	1.03808534	0.06209823499999999	-0.0331869385	-0.1566647347	0.0933257654	-0.0805247848	0.017797409	-0.023486100899999997	0.07423791469999999	-0.1658000464	0.0524573285	-0.0493345234	-0.1000525001	-0.0039709851	-0.0038559809	-0.1175988019	0.0	0.0507502	-0.0575118	0.0521624	-0.000475488	0.000501929	0.000771677
3960.528076171875	3384.99365234375	1.23359323	15.62975502	0.96675181	0.055109435	0.132925891	-0.003000009	-0.0146401423	-0.014906302199999999	-0.09345125609999999	0.0716000463	-0.14818485609999998	-0.024185993500000003	-0.032333927799999995	-0.11776007699999999	-0.071302828	-0.1540575008	-0.0064245956	-0.1171506629	0.0	0.0507345	-0.0434832	0.0546651	-0.000475488	1.14533e-05	0.00105245
3806.412353515625	5831.408203125	1.2838583	16.26661873	1.00275314	0.062438949999999986	-0.0685902509	0.066447882	-0.04497492	-0.1049021283	-0.050324107199999996	-0.0001090275	0.051684985499999996	0.0691994254	-0.10209187230000001	-0.1456983558	-0.0709912533	-0.028106552200000003	-0.0089901526	-0.1164795211	0.0	0.0507804	-0.0575277	0.0459813	-0.0008534709999999999	1.14533e-05	0.000637138
1234.2967529296875	2596.572998046875	1.40937519	17.85693169	1.06215501	0.068727738	-0.0419368742	-0.10384613390000001	-0.0589091784	0.1036414714	-0.0269208513	0.1412676888	0.0385458005	-0.0843997334	-0.045208187999999996	-0.0688083585	0.025407816	-0.19032701719999998	-0.0115514308	-0.11558665380000001	0.0	0.0507272	-0.0574843	0.0445131	-5.55154e-06	9.148060000000003e-05	0.00105245
237.30615234375	895.737548828125	1.46371496	18.5454216	1.03921807	0.10711634299999996	0.15871428740000001	-0.0283172809	0.0262753526	0.032567142400000006	-0.0135380559	0.0123071191	-0.1399721601	-0.0832113114	-0.0125598741	0.0291350531	-0.0183581036	0.0252752461	-0.014107211100000001	-0.1144737607	0.0	0.0407633	-0.0575155	0.0690368	-0.0007881169999999999	0.000327947	0.000619531
-2576.9345703125	-32.22287368774414	1.65386927	20.95469666	0.94376695	0.06859499999999999	-0.0185589612	0.0911620608	0.0541829389	-0.025544321800000002	0.013930640800000001	0.0628112446	-0.012395648600000002	0.0749380541	0.0885933719	-0.0652976601	0.0507211846	-0.0194768497	-0.0166562771	-0.11314296039999999	0.0	0.0507291	-0.0416559	0.0545952	-0.000475488	0.000293424	0.000838939
-1788.9251708984375	279.44171142578125	1.34248638	17.00944328	0.98522556	0.070863185	-0.0938886875	0.011268121200000002	-0.0182037172	0.1298752201	-0.1086169343	-0.0506079464	0.0953494965	0.04672301190000001	-0.0339831991	0.1239847152	-0.1004586153	-0.0199715502	-0.0191974156	-0.11159678599999999	0.0	0.0507739	-0.0716871	0.0491665	-0.0008252809999999998	1.14533e-05	0.000763533
-2201.915771484375	2964.106201171875	1.45414305	18.42414474	1.0159179	0.065912635	-0.0230120802	-0.1249154708	0.1020275237	-0.11075356539999999	-0.0638776676	0.12202252150000001	0.0603678957	-0.1450299344	0.059337602999999996	-0.0124774642	-0.1610461428	0.1205983759	-0.0217294173	-0.10983818070000001	0.0	0.0507242	-0.0532867	0.0525955	-0.000475488	0.000405659	0.0009002049999999998
-4170.78125	4888.64599609375	1.29909384	16.45965576	0.98806083	0.074542235	0.1081962651	0.0837102961	-0.08854022859999999	-0.0308428273	-0.2893446485	0.0284268782	-0.127485572	0.047460793499999994	-0.0770797532	-0.0257291663	-0.232216969	0.0782957907	-0.0242510768	-0.10787049230000001	0.0	0.0507519	-0.0532981	0.0194314	-0.0008299699999999998	1.14533e-05	0.0008221119999999998
-210.1470642089844	4847.435546875	1.14019978	14.44645023	0.93038243	0.0322608	-0.1207412442	-0.02734269	-0.0274939272	-0.1134220935	-0.1341562445	0.09683327130000001	0.1309914768	-0.012252828899999998	-0.0399362978	-0.105012878	-0.1349800765	0.0045486842	-0.026761194199999998	-0.10569746619999999	0.0	0.050738	-0.0433032	0.0314495	-0.000716736	1.14533e-05	0.000913556
1908.3623046875	3301.85009765625	1.33708632	16.94102478	0.95542055	0.03296799999999999	0.0081764617	-0.1307021916	-0.0821937086	0.0798271079	-0.13249130039999998	-0.0470443589	0.007704826	-0.1092625101	-0.09200822630000001	0.0408122363	-0.0344278446	-0.09101180240000001	-0.0292585748	-0.103323239	0.0	0.0507345	-0.053296	0.0354141	-0.000475488	1.14533e-05	0.00105245
221.9966583251953	3188.0146484375	1.21204793	15.35677528	0.9977802	0.074139335	0.1135548298	0.026889777200000003	0.0053565769999999995	-0.0834744362	-0.0025894654999999997	-0.0375686821	-0.1284515004	-0.0189127025	0.0192829426	-0.09012167230000001	0.0466887613	-0.0026009918	-0.0317420298	-0.10075233019999999	0.0	0.0375758	-0.0532983	0.0446292	-0.000822301	0.000453024	0.000805569
983.0060424804688	1838.05419921875	1.67276347	21.19408798	0.96411145	0.08471168499999998	-0.0361100017	0.052883434800000004	-0.05491091099999999	-0.0134217932	0.1231822255	0.075816117	0.028691044300000003	0.059092579900000004	-0.024038784700000003	-0.0968067767	0.1099299521	-0.052073924199999996	-0.0342103773	-0.09798963349999999	0.0	0.0507345	-0.053268	0.0279855	-0.000413173	1.14533e-05	0.00105245
-1843.734619140625	1566.9688720703125	1.74968588	22.16870308	1.11242902	0.215970035	-0.0567138664	-0.0423975061	-0.0648216836	0.10921554230000001	-0.0576839413	-0.14138393929999998	0.07220602059999999	0.0070549134	-0.0643153103	0.1288713729	0.0031360551	-0.0033920293	-0.0366624425	-0.0950404081	0.0	0.050724	-0.133688	0.0520907	-0.00241979	0.000210803	0.00102973
655.0247192382812	2773.25830078125	1.33556592	16.92176056	1.16007328	0.2093277	0.028599564900000003	-0.1354811561	0.063833106	-0.0835506525	0.0774618785	0.0859272134	0.005214637	-0.15740631619999998	0.0436436058	-0.032367116	-0.0411978344	0.06600583730000001	-0.039097058399999995	-0.09191026779999999	0.0	0.0549872	-0.0536752	0.0521774	-0.000391698	0.00058327	0.000930989
-116.96591186523438	5123.2978515625	1.15343618	14.61415768	1.00379968	0.08774023499999999	0.1062843875	0.0725489438	-0.0929652159	-0.043357953399999996	-0.19654090780000003	0.0112539402	-0.1299922087	0.0435953845	-0.1211210344	-0.0623744067	-0.1616291142	0.041460497799999996	-0.0415130663	-0.088605171	0.0	0.0506376	-0.0622481	0.0188418	-0.000552863	1.14533e-05	0.00102765
1140.79345703125	5485.83740234375	1.2508713	15.84867001	0.98303241	0.0556594	-0.0948131616	-0.0021907702	-0.0706533216	-0.1319835774	-0.09829604980000001	0.13598613310000002	0.097433691	0.0002474617	-0.0674647362	-0.1445440398	-0.0722660158	0.0480186786	-0.043909316100000005	-0.0851314093	0.0	0.0406421	-0.0718618	0.0351341	-0.000802863	1.14533e-05	0.000882492
-2328.447265625	1719.502197265625	1.42842197	18.09825706	1.07610655	0.10165126	-0.0282876769	-0.0968026606	-0.0842039623	0.10612423359999999	-0.0365504716	0.0629886395	0.023522083399999998	-0.0698448716	-0.020615228	0.017380081699999998	0.0528047182	-0.09387799640000001	-0.0462846675	-0.08149559519999999	0.0	0.0587408	-0.0553781	0.0448596	8.57245e-05	0.000124575	0.00102765
-1819.0628662109373	1799.291748046875	1.3896842	17.60744476	1.06217527	0.113064625	0.116469715	-0.0174321749	0.0851819915	-0.015242513300000001	-0.0045168857	-0.0207048507	-0.0901215483	-0.0871332336	0.058548564500000004	0.051632915300000005	-0.029311040299999997	0.1016719499	-0.048637989900000005	-0.0777046495	0.0	0.0506209	-0.0800199	0.0306566	-0.000802863	0.000557986	0.00102765
198.32150268554688	28.33135986328125	1.5396347	19.50733376	1.0422529	0.08092434999999999	-0.0094996335	0.11377737130000001	0.0493916848	-0.0248159864	0.013831066299999998	0.0450476545	-0.030908666600000002	0.10292686390000001	0.0795952975	-0.0533535271	0.008083549300000001	-0.015287371599999999	-0.0509681633	-0.0737657886	0.0	0.0680919	-0.0632382	0.0522213	-0.000320361	0.000577623	0.00102765
838.0808715820312	1289.6209716796875	1.25862575	15.94692039	1.01205933	0.0690548	-0.082604947	0.0386472301	-0.0642363312	0.0663992596	-0.028490041	0.0207940357	0.0785580763	0.0650730522	-0.0771125485	0.0808413058	-0.0130352669	-0.0125363203	-0.053274078499999995	-0.0696865104	0.0	0.050643	-0.0632667	0.0521368	-0.000802863	0.000140275	0.000917642
2228.21533203125	2760.91064453125	1.40165281	17.75908852	1.01154411	0.05066459999999999	-0.059641483499999995	-0.1573108288	0.042134243499999995	-0.0637378842	-0.0182810519	-0.0407953395	0.0830596139	-0.15580612859999998	0.0460641764	-0.0279588777	0.0031425879	-0.0369117345	-0.055554638200000006	-0.0654745799	0.0	0.0505955	-0.0632626	0.0521926	-0.000549643	0.000788191	0.00102765
4640.099609375	3325.2001953125	1.20107365	15.21772861	0.98473626	0.0432325	0.1287763988	-0.006726309200000001	-0.0156054981	-0.0364155706	-0.0761657293	0.0139197478	-0.1480140322	-0.0177211309	-0.0166636226	-0.049330566299999996	0.0080985457	-0.0990052852	-0.0578087569	-0.0611380148	0.0	0.0506242	-0.0632718	0.0421538	-0.000633438	0.00020887	0.00102765
3755.85888671875	4217.48974609375	1.4050976	17.80273438	0.99903351	0.0720764	-0.0546186623	0.0670229938	-0.08994818199999999	-0.1073073224	-0.0502672308	0.0153278267	0.0333687362	0.0662285139	-0.0882669225	-0.11804222880000001	-0.0010223701	0.0006399518	-0.0600353617	-0.05668507	0.0	0.0359172	-0.0632834	0.0521448	-0.000960495	0.000384235	0.000582736
1462.1182861328125	702.029296875	1.49493372	18.94096756	1.07084954	0.07663009999999999	-0.023221861	-0.118106541	-0.1055088359	0.068096301	0.045704493799999996	0.0737562752	0.015927770900000002	-0.08881734869999999	-0.0447952026	0.0049314358	0.1886491075	-0.11760902880000002	-0.062233393	-0.052124222000000005	0.0	0.0506064	-0.06324	0.0522028	-0.000195331	0.000357523	0.00102765
-3873.497314453125	-1129.30615234375	1.28239679	16.24810219	1.04598594	0.05244134999999999	0.1325051724	0.033849923399999995	-0.0306562254	-0.0615052875	0.0099125571	-0.0725596104	-0.1455656471	0.0221714979	0.0451231285	0.040332956	0.0992439481	0.0833281473	-0.0644018046	-0.0474641526	0.0	0.0506126	-0.0633019	0.052156	-0.000960495	0.000527653	0.000916415
-2123.863037109375	-1914.3914794921875	1.68932569	21.40393448	1.01414251	0.05915514999999999	-0.0944396399	0.0812649917	0.0204301116	-0.0808211669	0.0420768186	-0.0035980671000000004	0.077756377	0.0995945867	0.0883191485	-0.0376275235	0.08686803970000001	0.09901370970000001	-0.06653956429999999	-0.0427137324	0.0	0.0538392	-0.063226	0.0615048	-0.000222824	0.000446482	0.00102765
-2335.978515625	1183.5230712890625	1.69326651	21.45386505	1.04689372	0.0985101	-0.1302016208	-2.7825e-05	-0.0191234851	-0.0161968133	-0.1648865772	-0.1627377569	0.1225536412	0.041813407000000004	-0.0246474599	0.1322807351	-0.1263859202	0.1698845138	-0.0686456549	-0.0378820043	0.0	0.0470975	-0.0894852	0.0521386	-0.000960495	0.000348626	0.000740317
2121.40576171875	3856.187744140625	1.32773566	16.82254982	1.04022157	0.035992	-0.0037750737	-0.1609463873	0.030007778	-0.1644285654	-0.007637661600000001	0.048582174900000004	0.0627183769	-0.17069502920000001	-0.0054248038	-0.0444370237	-0.0538525916	0.1491248284	-0.0707190738	-0.0329781656	0.0	0.0406121	-0.089489	0.0521662	-0.000842548	0.00058541	0.00097509
2176.2900390625	3489.602294921875	1.30322242	16.5119648	1.0068543	0.059859150000000014	0.12265467619999999	0.030426437999999997	-0.16095821800000001	-0.0903302851	-0.047124843300000004	0.005268408100000001	-0.1288360375	0.006216233000000001	-0.15055508880000001	-0.0936939301	-0.0036815202000000003	-0.0103592139	-0.07275883429999999	-0.028011551000000003	0.0	0.0506095	-0.0719535	0.0355736	-0.0008016949999999998	0.00036415	0.00102765
2450.17431640625	4160.6416015625	1.1709795	14.83643246	1.01779282	0.09929528499999997	-0.059231247599999995	-0.00697094	-0.1776847107	-0.1037109122	0.0531944882	0.0272746821	0.0735540051	0.029172976899999998	-0.1925744582	-0.10262803720000001	0.07802639410000001	0.0096734508	-0.0747639655	-0.022991614900000002	0.0	0.0287578	-0.102144	0.0463728	-0.00105043	1.14533e-05	0.000900004
2006.558837890625	1838.556396484375	1.30131066	16.48774338	1.01888061	0.094216585	-0.0365913873	-0.11605792449999999	-0.1956521461	0.0049692359000000005	0.05557230639999999	-0.0110349892	0.046459062	-0.0780058757	-0.12413286300000001	-0.0622824463	0.1710453307	-0.06374194650000001	-0.0767335132	-0.017927913	0.0	0.0506186	-0.0858023	0.0476468	-0.000340347	0.000361963	0.000934213
2039.318115234375	1575.3460693359375	1.26463532	16.02306175	0.98279512	0.07159405	0.1338886319	-0.09640809550000001	-0.11989236869999999	-0.0907066052	0.1014210232	-0.0690233342	-0.069130885	-0.11555239560000001	-0.16459429539999998	0.0245624699	0.0663181003	0.1820564229	-0.0786665398	-0.0128300842	0.0	0.040635	-0.0973652	0.0456011	-0.000960495	0.000623479	0.0008558399999999999
-758.5474853515625	702.6356201171875	1.17383921	14.87266541	0.93592638	0.0715943	0.0696169391	0.0628481204	-0.09702173039999999	-0.1454051409	0.12375699650000001	-0.0527297674	-0.0861179549	0.042987375999999994	-0.0472031821	-0.1231590677	0.16212312439999998	0.145124786	-0.0805621254	-0.0077078327	0.0	0.0506118	-0.0858309	0.0407542	-0.000399299	0.000451759	0.00102765
-1809.9130859375	-1413.6998291015625	1.12436056	14.24576569	0.9491061	0.063149285	-0.011790215900000001	0.0521351105	-0.17234399469999998	0.004585743	0.1671361801	-0.0490788822	0.0196695153	0.09424597539999999	-0.1132862351	0.0463037653	0.18168272489999998	0.09934453039999999	-0.0824193678	-0.0025709089	0.0	0.0506376	-0.103029	0.052181	-0.000648965	1.14533e-05	0.00102765
-2000.77880859375	-2185.91015625	1.56554174	19.83557892	1.00933969	0.057487285	-0.0527301166	-0.1294177997	-0.0423490562	-0.0575323159	0.0937801034	-0.1785316565	0.09036390279999999	-0.1013494892	-0.0138053867	-0.0057046794999999996	0.1644776687	0.0844920085	-0.08423738300000001	0.0025709089	0.0	0.0506223	-0.0930225	0.0599872	-0.000536003	0.000555867	0.0008918399999999998
-1581.019287109375	-3330.12060546875	1.26980197	16.08852386	1.03228939	0.03262365	0.1472707271	0.0013032048	-0.0025852653	0.045767636699999996	0.0938689911	-0.023436864300000002	-0.151440302	-0.012593701100000002	0.05091469059999999	0.0493334936	0.1194257552	-0.0171454379	-0.0860153059	0.0077078327	0.0	0.0528686	-0.103021	0.0522658	-0.000479745	0.000616948	0.00102765
-668.635009765625	-1138.8310546875	1.32948875	16.8447628	1.01016784	0.06052225	-0.0907056284	0.1251546187	0.0634099792	-0.074372718	0.0355472899	-0.11337640859999999	0.071596235	0.1407216222	0.0376484454	-0.0258788317	-0.045201833	0.103821914	-0.08775229	0.0128300842	0.0	0.0506044	-0.123623	0.0521222	-0.00111377	0.000500724	0.00102765
1661.124267578125	-1576.1663818359375	1.25930691	15.95555019	0.95851707	0.0739649	-0.1031293058	-0.004144844	-0.023494991	0.0521181134	0.0039893032	0.1415624966	0.09308664859999999	0.0032347763	-0.0106974509	-0.0036905568	-0.010529951599999999	-0.0635078809	-0.0894475089	0.017927913	0.0	0.0505903	-0.0885832	0.0522419	-0.000387826	0.000450842	0.00102765
1975.0086669921875	-719.0018310546875	1.42716837	18.08237267	0.97006947	0.06810265	0.10406795220000001	-0.066618415	0.0364024183	0.0783923087	0.0340002222	0.029793753500000002	-0.0611140219	-0.0887729987	-0.049971660700000003	0.0688787902	-0.0178673137	-0.0523250769	-0.09110015560000001	0.022991614900000002	0.0	0.040653	-0.100029	0.0521456	-0.000960495	0.000374481	0.000744215
-314.85699462890625	-3020.46240234375	1.39492714	17.6738739	0.98959118	0.05318815	0.015566734099999998	0.1107351893	0.07991986599999999	-0.0095683539	0.0283706585	0.0753734525	-0.0559919322	0.0771439921	0.1091364186	-0.08530721349999999	0.10649459189999999	-0.0793640369	-0.0927094435	0.028011551000000003	0.0	0.050591	-0.10667	0.0522048	-0.000619632	0.000600424	0.000908408
-1673.09765625	-4159.4228515625	1.14291596	14.48086548	0.9659245	0.05825275	-0.0634081982	0.0705534467	-0.0291129882	0.1537828217	0.0777217471	0.0558225318	0.0458432004	0.07971783889999999	-0.0317225931	0.13353771650000001	0.047980443899999996	-0.0439317236	-0.0942746068	0.0329781656	0.0	0.0363367	-0.0925813	0.0521594	-0.0008623819999999998	0.00049499	0.000659305
-2767.21337890625	-4530.75830078125	1.5287106	19.36892319	0.99714267	0.07631249999999999	-0.026155514100000003	-0.0801346033	0.1932870582	-0.0083292375	0.1520709076	-0.0270893631	0.058422571900000005	-0.0973240468	0.181981225	0.1064353577	0.10897712300000001	0.08457991710000001	-0.0957949005	0.0378820043	0.0	0.0506056	-0.106684	0.0642481	-0.000549366	0.000459307	0.00102765
-4898.2041015625	-3271.218505859375	1.19870627	15.1877346	1.0221796	0.01650365	0.0398634012	0.0940790648	0.0682948912	-0.042242207000000004	0.022295301899999998	-0.1265030183	-0.09349297279999999	0.075262027	0.10643812529999999	0.0667056008	0.0384279076	0.1603369164	-0.0972696009	0.0427137324	0.0	0.0506223	-0.106679	0.0522187	-0.000549366	0.000438644	0.000959262
80.18048095703125	-309.6789245605469	1.1715126	14.84318733	0.96677232	0.03575865	-0.11827709869999999	0.0563529033	-0.0241311518	-0.1537831059	0.0505168493	-0.0825542721	0.1131011771	0.0814105886	-0.0251667555	-0.0637789242	0.0264706482	0.19287426829999998	-0.0986980063	0.0474641526	0.0	0.0406267	-0.1067	0.0521554	-0.000908937	0.0005383	0.000904914
887.3148803710938	-764.6392822265625	1.23907328	15.69918919	0.93437666	0.06618785	-0.0357625128	-0.06830480950000001	-0.1205010925	0.0465751543	-0.0028409945	-0.1095343807	0.04279793269999999	-0.042295525599999995	-0.0810621642	0.027878221600000003	0.0770986011	0.051851912800000004	-0.1000794369	0.052124222000000005	0.0	0.0506061	-0.106679	0.0302395	-0.000549366	0.000799584	0.00096949
-1534.30078125	-863.2247314453125	1.16575861	14.7702837	0.9398697	0.09681235000000002	0.1097451933	-0.0033717663	-0.023897611800000003	-0.12199732949999999	0.0339499297	-0.09424324279999999	-0.11269987220000001	-0.0202009052	-0.0015450675	-0.0296362033	0.059218777800000004	0.11661198730000001	-0.101413235	0.05668507	0.0	0.0397849	-0.12984	0.0379959	-0.00118811	0.000684203	0.00062214
277.83355712890625	-263.43511962890625	1.64829278	20.88404274	0.94382334	0.08957485000000001	-0.0558521499	0.0826729217	-0.0796246447	-0.0940225715	0.0255631264	-0.067000845	0.0197650561	0.0816819265	-0.0422614153	-0.09192717289999999	0.0423342045	0.106988595	-0.1026987659	0.0611380148	0.0	0.050595	-0.113705	0.036017	-0.000610555	0.000454251	0.00102765
1590.2178955078125	2621.9794921875	1.65821862	21.00980377	1.06634307	0.24302460000000006	-0.104787701	-0.030185765099999998	-0.0870003984	-0.0320594569	-0.060046925300000005	-0.0959747918	0.1225719759	0.0186553589	-0.14390952140000002	0.012363020700000001	-0.0907214661	0.059900632300000006	-0.10393541769999999	0.0654745799	0.0	0.0460612	0.0335706	0.0172255	-0.00167941	0.000349032	0.00075325
2423.602294921875	3646.26904296875	1.29994321	16.47041702	1.10241199	0.2241507	0.0437579859	-0.15859678859999998	-0.034911667599999995	-0.0927499641	0.029094968199999998	0.1260720058	0.0008470034	-0.17245515879999998	-0.0686565663	-0.07009177	0.0356805742	-0.0013876153	-0.105122602	0.0696865104	0.0	0.0506183	-0.101758	0.03513	-0.000683697	0.000468017	0.000965762
3084.236572265625	3143.55859375	1.25585783	15.91185093	1.08905172	0.22011411	0.1666732042	0.0971206109	-0.1464654293	-0.0175861226	-0.056957835199999994	0.0020870119	-0.15765353769999998	0.073932476	-0.1765578921	-0.0494271004	-0.0480483693	-0.0425424397	-0.1062597535	0.0737657886	0.0	0.0506333	0.0308465	0.00409919	-0.00161104	0.000496511	0.000792323
2366.37109375	3460.59814453125	1.39860594	17.72048378	1.14830148	0.23965051000000004	-0.11036656199999999	-0.0480295626	-0.0788333491	-0.14680097220000002	0.09132495130000001	0.17850281699999998	0.11572535560000001	-0.0507223065	-0.0498796733	-0.1828005046	0.0505720868	-0.0348884923	-0.10734633119999999	0.0777046495	0.0	0.0506227	-0.110918	0.0285719	-0.000547907	0.000257164	0.000957897
400.00537109375	1310.3878173828125	1.61362708	20.44482422	1.1567086	0.22739637	0.041084889	-0.0810711353	-0.10477468820000001	0.11485689339999999	-0.0938588409	-0.1047218555	-0.0070650672	-0.030207239599999998	-0.1395661812	0.109931175	-0.08617265980000001	-0.12248768060000001	-0.1083818179	0.08149559519999999	0.0	0.0506422	0.0374131	0.00953408	-0.00150282	0.000347141	0.000802628
-1149.8603515625	204.30239868164062	1.25140858	15.85547829	1.13459504	0.22228862	0.0852724141	-0.0021556220000000003	0.0755031788	-0.10086804529999999	-0.0059735073	0.0119340954	-0.10518875609999999	-0.0570038939	0.1135172816	-0.1135098093	0.0211946996	0.0070837254	-0.10936572060000001	0.0851314093	0.0	0.0506231	-0.111142	0.0285474	-0.00091701	0.000769317	0.000716592
-4022.225830078125	-1983.907958984375	1.64150703	20.79806709	1.10072792	0.17948335	0.010659333100000001	0.1305191826	-0.0262618472	0.1014082359	0.0192576385	-0.0090515697	-0.0423314187	0.150716614	0.0223545559	0.031494449199999996	0.0179029858	-0.036905858199999995	-0.11029757119999999	0.088605171	0.0	0.0562842	0.0338694	0.0235475	-0.00108431	0.000579495	0.000835689
-1182.966552734375	-459.9934387207031	1.86817527	23.66997719	1.16715562	0.21928794999999998	-0.14427219630000002	-0.04294159	0.0248239938	-0.0254061283	-0.0487744311	-0.0026715083	0.1508334597	-0.030965761	0.0328852128	-0.0154420744	-0.0538941941	0.09581126820000001	-0.1111769262	0.09191026779999999	0.0	0.0456364	-0.128324	0.051995	-0.000778751	0.000616416	0.000853194
-57.207275390625	-2763.203857421875	1.4365865	18.20170212	1.17566621	0.23142125	0.07207750339999999	-0.09177414519999999	0.04613037019999999	0.144593091	0.0511102413	0.081442396	-0.0381751959	-0.0766574418	0.0246044916	0.1595786253	0.0215772989	-0.08022816690000001	-0.1120033669	0.0950404081	0.0	0.0627934	0.0353671	0.0284837	-0.000947168	0.0008147799999999998	0.00102765
671.3021240234375	-1931.539306640625	1.18305564	14.98943901	1.00964558	0.0910663	0.0514803209	0.1326996477	0.11253601460000001	0.0090942026	-0.0063330698	-0.0629870123	-0.07739256	0.08920700640000001	0.077979819	0.0246590109	-0.0862398353	0.0075515643999999995	-0.1127765001	0.09798963349999999	0.0	0.0506318	0.0273035	0.0284426	-0.0014714699999999997	0.000331051	0.000619681
781.4364624023438	-3270.124755859375	1.52316403	19.29864883	0.99384695	0.07083995	-0.1228699524	0.035876878	0.0982766897	0.0509489193	0.09299793699999999	0.1648630693	0.0891290018	0.054059553899999994	0.124005942	0.0087191729	0.028195155099999997	-0.09978953060000001	-0.11349595779999999	0.10075233019999999	0.0	0.0706741	0.0273327	0.0448185	-0.00105075	0.00026987	0.0008256309999999998
1195.19580078125	-2168.0849609375	1.73706329	22.0087738	1.01771021	0.08572155	0.014484690900000001	-0.0453326405	0.0857098975	0.142224518	-0.024512831000000002	-0.1060334743	0.0142104977	-0.0393780801	0.0027491439	0.2032126648	-0.111040446	-0.0594720192	-0.11416139759999999	0.103323239	0.0	0.0506574	0.027303	0.0284369	-0.00166672	0.000433227	0.000619087
-62.0447998046875	-1445.67041015625	1.13367808	14.36382008	1.01481688	0.06663655	0.030078096699999998	0.017810804	0.19319861789999998	-0.0720332437	-0.0808870942	0.0297953482	-0.0567059748	-0.0122606249	0.17599213149999998	-0.085737406	-0.048859732999999995	-0.0080589862	-0.1147725027	0.10569746619999999	0.0	0.0642235	0.0320884	0.0284819	-0.00118889	0.000646734	0.000892551
-927.160400390625	-1980.255859375	1.48444068	18.80801964	0.99258095	0.072874585	-0.0302154679	0.11161233970000001	0.0063356121	0.1343081632	-0.0575179617	0.028860631600000002	0.010081829799999999	0.1321379091	-0.0018118909	0.0428527243	-0.0936264275	-0.1356534334	-0.11532898230000001	0.10787049230000001	0.0	0.071682	0.0272865	0.010663	-0.00139134	1.14533e-05	0.0008743759999999998
1118.973876953125	-471.84130859375	1.64240825	20.80948448	1.03915727	0.069559985	-0.13779976300000002	-0.0914189476	0.1385177762	0.029318756	-0.1425348068	-0.0206555028	0.1428137193	-0.083187279	0.12763638619999998	-0.044612985	-0.1533674524	-0.047391160599999996	-0.1158305716	0.10983818070000001	0.0	0.0738213	0.0272869	0.0284835	-0.00118332	0.0007310679999999998	0.000938737
872.7332763671875	-672.0517578125	1.29299688	16.38240623	0.98618299	0.017797549999999985	0.1148777479	-0.059774382699999996	0.1258809719	0.1334243608	-0.043086337999999995	0.1558374338	-0.10305983699999999	-0.0941876514	0.0654226242	0.0616999629	-0.1154763809	-0.11542251560000001	-0.1162770318	0.11159678599999999	0.0	0.07620789999999998	0.0272824	0.018496	-0.00119862	0.0007352339999999998	0.00102765
1778.6175537109375	1072.11279296875	1.2452904	15.77795982	1.02421343	0.05582164999999999	-0.007429335400000001	0.1302018409	0.1457858371	0.0145447489	-0.114578685	0.0631233498	-0.0156470909	0.10431375179999999	0.0817023601	-0.0502719376	-0.1840341699	-0.1294736698	-0.11666815039999999	0.11314296039999999	0.0	0.0539697	0.0198344	0.0219998	-0.00139134	0.000475321	0.00102765
1168.2520751953125	-614.9725341796875	1.3191185	16.71336937	1.05773616	0.051070299999999985	-0.08701179710000001	0.027552474700000003	0.023923208799999998	0.1169230717	0.0192658353	0.2274165688	0.0647732159	0.0395880164	0.0040516046000000005	-0.014957431399999999	-0.050851389000000004	-0.2313718963	-0.1170037413	0.1144737607	0.0	0.0626061	0.027302	0.0284356	-0.000989821	0.00032828	0.0010497
-725.9886474609375	566.4420776367188	1.70668292	21.62385178	1.07327175	0.08820729999999997	0.0458221787	-0.0617355672	0.0745015106	0.0692342812	-0.05040113139999999	-0.019130601100000002	-0.0086810943	-0.0770790079	0.0162622839	0.1034610118	-0.0790428716	-0.0608915893	-0.1172836448	0.11558665380000001	0.0	0.0593706	0.014192	0.0117751	-0.0015688	0.000644004	0.000840377
551.645751953125	-2643.018310546875	1.43426335	18.17226791	1.09348047	0.05741940000000001	0.0760976362	0.0567269324	0.0849598077	0.0107315995	0.0169020017	0.0349672627	-0.11972940060000001	0.0309667677	0.1232838116	-0.052917392300000005	0.06166953	-0.0743303342	-0.1175077276	0.1164795211	0.0	0.0593182	0.0199644	0.0284667	-0.0010759500000000002	0.000763361	0.00092623
-2601.844970703125	-2898.603759765625	1.14348662	14.48809528	0.99812591	0.035108200000000006	-0.0301738913	0.1548330265	-0.050064137800000005	0.051409193799999996	0.0218703893	-0.1303263096	0.0231974755	0.16705205480000002	-0.0270305931	0.0821786187	0.021096643300000002	0.028618645800000002	-0.1176758831	0.1171506629	0.0	0.0593269	0.0272691	0.028436	-0.00139134	0.000523469	0.00092623
-1381.0855712890625	-4047.314208984375	1.38013124	17.48640823	0.97542238	0.04058305	-0.09006340939999999	-0.0833725225	-0.008481810400000001	0.0307102503	0.0002259535	-0.12518620119999999	0.10211602460000001	-0.05050544059999999	0.0375674748	0.00501825	0.0737098987	0.0667091864	-0.11778803119999999	0.1175988019	0.0	0.0593168	0.0144498	0.0376726	-0.00126186	0.00076433	0.00092623
-999.951171875	-5033.1494140625	1.20673084	15.28940678	0.98665982	0.07611478099999999	0.14017915039999998	-0.0400481688	-0.014493022	0.0456928285	0.0704817135	-0.0208871917	-0.11023246839999999	-0.048125161799999996	-0.003897357	0.08955009779999999	0.0417338057	0.08401136109999999	-0.11784411859999999	0.1178230848	0.0	0.08416429999999998	-0.000185431	0.0263276	-0.00114909	0.000583559	0.00113843
