WhiteMatter	GlobalSignal	stdDVARS	non-stdDVARS	vx-wisestdDVARS	FramewiseDisplacement	tCompCor00	tCompCor01	tCompCor02	tCompCor03	tCompCor04	tCompCor05	aCompCor00	aCompCor01	aCompCor02	aCompCor03	aCompCor04	aCompCor05	Cosine00	Cosine01	X	Y	Z	RotX	RotY	RotZ
2962.582763671875	5812.60888671875	n/a	n/a	n/a	n/a	-0.0508998804	-0.155961805	0.004832416	-0.058778323	0.0088994292	-0.114786455	0.031217257400000004	0.1544112003	0.0076744064	-0.2018250996	0.1557346386	-0.0955592525	0.1174371526	0.11741647960000001	0.037655	0.0282336	-9.57121e-06	0.0007450529999999998	-0.0	0.0
-677.041748046875	308.9859619140625	1.22753417	15.7184639	1.08044875	0.07757288378999999	-0.0985863724	0.11128807199999999	-0.07380539059999999	-0.0706009007	0.0156545162	-0.0562705392	-0.1610315078	0.0021816393	-0.0795540906	-0.028443196299999998	0.057298363600000006	-0.1354694222	0.11738202710000001	0.1171960424	0.0189212	0.0282691	-0.0193482	-4.42461e-05	-0.0	0.0
-2054.915771484375	-2080.511962890625	1.37811017	17.64657593	0.97592306	0.088943855	0.11761470880000001	0.037890629599999996	-0.08660916029999999	-0.0126492575	-0.0691914529	-0.0296669971	0.0329275627	-0.11348828550000001	-0.1029886136	-0.0699251365	0.0837033672	-0.0644958384	0.1172718021	0.11675558189999999	0.018918	0.0282861	0.0193329	0.000798451	0.000162154	0.0
-4942.2900390625	-3024.885009765625	1.43267083	18.34522057	0.9554022	0.08167163499999999	0.0905325498	-0.029861804300000003	0.03153633	-0.1428390474	0.19304467260000002	-0.018223853300000002	0.0895969385	-0.0524309226	-0.0171657511	0.1716886698	0.0240066469	-0.0163456806	0.1171065292	0.116095925	0.0189262	0.028272	-0.0163039	8.20839e-05	8.35134e-05	-0.000125243
-2499.039794921875	-430.1331787109375	1.24004686	15.87868786	0.97868317	0.05731599499999999	0.022539322799999997	-0.1373606716	-0.16592522710000002	0.0963357271	0.0329987073	0.042962713099999994	0.12671219960000002	0.0835234532	-0.1581793352	0.0458557288	-0.0905884743	0.0593578934	0.11688628599999999	0.1152183101	0.0189394	0.0282547	0.00356796	0.000325261	0.000463366	0.0
736.960693359375	1887.6187744140625	1.09247208	13.989007	0.97540975	0.0482083	-0.0602728125	0.0172363639	-0.0370316523	0.08598258789999999	0.1409926124	-0.052127576200000005	-0.0649307658	0.0456073632	-0.0661407787	0.0184943115	-0.1172389283	0.15817418	0.116611176	0.1141243849	0.0189212	0.0120487	-0.00480349	0.000316374	-0.0	0.0
469.836669921875	4631.74609375	1.17600644	15.05865574	0.97667438	0.030590199999999994	0.0508221445	0.0541303275	0.022835056	0.0775690899	0.0963590328	-0.1586113684	-0.0120643248	-0.0899211233	0.0289228757	-0.0697562838	-0.123492216	0.0124645913	0.1162813282	0.11281620310000001	0.0189208	0.0120571	-0.00114103	-4.42461e-05	0.000107305	-7.04537e-05
1840.337158203125	1139.247802734375	1.21844494	15.60207748	0.99010539	0.05820583	0.0466159922	-0.0720580032	0.0773803653	-0.0354288595	-0.1546696087	-0.1625932195	0.062087787699999994	0.0300734831	0.057777020199999994	-0.059480299800000004	0.08452110210000001	-0.0148059929	0.1158968974	0.11129622060000001	0.0189235	0.0258073	0.00153362	0.000533949	-8.63153e-24	7.961179999999998e-05
-205.287353515625	-361.125244140625	1.47603714	18.90052223	0.9367066	0.08246473000000001	-0.136760354	-0.041445481400000005	-0.0269368952	-0.0298194583	-0.0012622396	-0.06614338410000001	-0.043946259	0.1172148294	-0.014867431	0.09592902710000001	-0.0278974002	-0.10239797099999999	0.1154580643	0.10956729119999999	0.00939873	0.0120602	-0.0174662	-0.0001903	-0.0	0.0
-502.161865234375	-3171.74853515625	1.25415218	16.05930519	0.94762486	0.07305032999999998	0.021853954900000003	0.082872118	-0.085138911	0.0410939293	0.034677915	-0.1213097038	-0.0468969477	-0.0638098175	-0.13402322279999998	-0.023427131299999997	0.024893525299999997	0.10566383039999999	0.11496503460000002	0.1076326606	0.0189212	0.028658	0.00153881	0.000368201	-0.0	0.0
-2716.2861328125	-2394.246337890625	1.11236274	14.24370384	0.9116137	0.038822915	0.0883518866	0.0432811991	0.07160275440000001	7.54812e-05	0.0838938914	0.063546619	0.0454047156	-0.12158272519999999	0.038449436000000003	0.0987473174	-0.0067228489	0.1044212433	0.1144180399	0.1054959609	0.0266126	0.0181601	0.00155007	-4.42461e-05	-0.0	0.0
386.33935546875	408.755615234375	1.49605012	19.15678596	0.97960526	0.010601064999999996	0.0768254638	-0.1609725192	0.026322291	0.10661522009999999	0.1670015234	-0.0128601468	0.1703929736	0.0416301178	-0.0348994978	-0.0358476405	-0.0594905147	0.1601407501	0.1138173369	0.10316120349999999	0.0189243	0.0178891	0.00155007	-4.42461e-05	-0.0	5.28353e-05
-21.284912109375	94.632568359375	1.1797142	15.10613441	0.98356366	0.033367765	-0.1306953086	-0.0494690216	0.0531100701	0.020841116399999998	0.0350835776	0.04150095	-0.0423848072	0.1037064093	0.025084271	0.1058891711	-0.033876811800000003	0.11905139880000001	0.1131632076	0.10063277179999999	0.0350878	0.010478500000000002	-0.00560183	-4.42461e-05	-0.0	0.0
-1306.409423828125	2139.009521484375	1.07235622	13.73142433	0.95914298	0.056302845	-0.020956742	0.0847101448	-0.0308438889	0.1494943851	0.12655846839999998	-0.033515172200000005	-0.0473693187	-0.0371927304	-0.046444460300000004	0.0028679186	-0.105573254	0.15753002259999999	0.1124559591	0.0979154126	0.00989614	0.0104964	-0.0179324	-0.000328969	-0.0	-9.05314e-05
32.466064453125	896.011474609375	1.38337505	17.71399307	0.92007124	0.07136081999999999	0.062726806	0.017018933400000002	0.0456840941	0.0739753598	-0.0239401523	-0.11563052689999999	0.039581045	-0.0614878014	0.0098596928	-0.08184247730000001	0.040895266	0.1139740386	0.1116959233	0.0950142274	0.016711	0.0104874	0.00153359	0.000371	0.00011091900000000003	0.0
-2397.533203125	-328.736572265625	1.31695068	16.86343384	0.92680293	0.05298194000000001	0.039578682999999996	-0.0027707738	0.152352421	-0.034769928900000004	0.0050111953	0.016917426200000002	0.04976572940000001	-0.0333565124	0.1371994697	0.1021268208	0.0300250736	0.0412700097	0.1108834569	0.09193466289999999	0.0167134	0.0110835	-0.0197369	0.00088234	-0.0	0.0
2414.21728515625	249.640380859375	1.23622406	15.82973766	0.9874469	0.06925437000000001	-0.019380077	-0.15240967960000001	-0.016653333500000003	0.051147961799999996	0.0221932887	-0.033244403900000004	0.1022089407	0.116911543	-0.0147248958	-0.0521113761	0.0407256101	0.0181963902	0.11001894150000001	0.0886825007	0.00742572	0.00929466	0.0014511	0.000262153	0.00011961	0.0
1816.8427734375	763.267333984375	1.13103902	14.48285198	0.96250659	0.04192548	-0.1491665513	0.0373815752	-0.0059909433	-0.0203246003	-0.09026337359999999	-0.0116341499	-0.1286370621	0.0849542398	-0.0097625158	0.0099097884	0.041285672200000005	-0.040883554	0.1091027827	0.08526384640000001	0.0167132	0.0166237	-0.0151563	0.000114665	9.30668e-05	0.0
-964.28173828125	-245.355712890625	1.07835352	13.80821896	0.92304856	0.040555945	0.0449478165	0.1008770947	-0.08524175169999999	0.0035025456	-0.030537780299999998	-0.08047084110000001	-0.047906119000000004	-0.09911297220000001	-0.0696726329	-0.07395967610000001	-0.0337030728	-0.0841697186	0.10813541060000001	0.0816851181	0.0142417	0.00929154	0.00193262	1.11691e-05	0.000204577	-5.82612e-05
-1006.031005859375	-2951.228759765625	1.17331898	15.02424335	0.92666328	0.0250238	0.0746580047	0.0314475001	0.0115052049	-0.0950524788	-0.22345794530000002	0.040717321800000005	0.024492482799999996	-0.0634873858	0.011186773799999999	0.0079341284	0.1426214279	-0.08034089400000001	0.10711727929999999	0.0779530346	0.0167106	0.00929466	0.00191806	0.000262153	6.30777e-05	0.0
-390.905517578125	-2994.601806640625	1.69004083	21.64081955	0.94494176	0.04937628500000001	-0.030285728300000002	-0.0637876018	-0.055679059100000004	-0.13833787990000002	0.18882256170000003	0.0336432084	0.039424454500000004	0.032948142400000005	-0.0552066074	0.0756212661	0.0887949013	-0.0409630976	0.1060488668	0.07407460240000001	-0.00316368	-0.00687022	0.00191626	5.85242e-05	-0.0	0.0
2254.59521484375	-5539.474609375	1.20427728	15.42066193	0.95303077	0.08189504	-0.074907431	0.048859538200000004	-0.1156760743	-0.0180805785	-0.0604543501	0.0054354876	-0.0977134536	0.034126597599999996	-0.1550556436	-0.0305690385	0.0976952084	-0.0752657846	0.10493067449999999	0.0700571028	0.0195891	0.00529576	0.0186797	0.000262153	0.000400628	0.0
-3338.154296875	-6318.59765625	1.08437896	13.88537502	0.87146503	0.024728549999999995	0.051296995199999994	0.1418607084	-0.023034325699999997	-0.1154331007	0.0536299244	0.04517972730000001	-0.0803044793	-0.17516929309999998	-0.0585343229	0.0946273567	0.0664809095	-0.0358082706	0.10376322730000001	0.0659080783	0.0202004	0.00937501	0.0186731	0.000262153	-0.0	0.0
-2786.90380859375	-3051.595947265625	1.31273437	16.80944443	0.99157673	0.04172908	0.1705987722	-0.029112189	-0.0755101642	0.0738998683	-0.0391159387	0.13819501380000002	0.1489243401	-0.10535339939999999	-0.0700664559	0.025573183	-0.0681895809	-0.0515106867	0.1025470733	0.0616353184	0.00697003	-0.00018701	0.0186677	8.6328e-05	7.346279999999998e-05	0.000129338
1552.221923828125	-1546.843994140625	1.21160054	15.51443481	0.96103901	0.06935838999999999	0.05141652730000001	-0.08803700449999999	0.0052941678	-0.016282497	0.10414091	0.0022369973000000002	0.0766997884	0.014135142199999999	-0.020568010600000002	0.0397540833	-0.0061494927	0.1236280267	0.1012827833	0.057246844500000005	0.0282942	-0.00663454	0.0186841	0.000472125	-0.0	0.000501484
1649.972412109375	2258.532958984375	1.15892375	14.83991337	0.9932543	0.06805478999999999	-0.1241389816	-0.0394182717	0.0040550742	0.0638108099	-6.801149999999999e-05	0.0578695999	-0.0351490823	0.1046390049	0.0625502661	0.020132771299999998	-0.1987285529	-0.11376033390000001	0.0999709507	0.0527508957	0.0259803	-0.007468879999999998	-0.0110926	-0.00015372	-0.0	0.000424732
3734.59814453125	1501.159912109375	1.10209441	14.11221886	0.95433956	0.06015802	-0.0509596915	0.0575512146	-0.0296521703	0.072031685	-0.05269455309999999	-0.1696834031	-0.1113138491	0.0122202586	-0.0341328191	-0.1368569941	-0.0226670412	0.0936939716	0.09861219130000001	0.048155912599999996	0.0445182	-0.00747929	-0.00406399	0.000262153	-0.0	0.000148983
616.5986328125	291.786865234375	1.28590727	16.46592712	0.93784505	0.035580579999999994	-0.0115499278	0.11693022789999999	0.11036135679999999	-0.089717757	-0.1070594923	-0.0230752772	-0.0943034947	-0.0913698824	0.1277933484	-0.006819809499999999	0.10045443109999999	0.00184595	0.09720714300000001	0.043470521799999995	0.0445183	-0.007481609999999999	-0.00108793	-0.000155473	8.5433e-05	-1.65436e-24
147.099365234375	695.0388793945312	1.40441644	17.98342514	0.98131305	0.05178068	0.12507069029999998	-0.056910315	-0.009851449	0.0609535136	-0.11367651050000001	-0.021887368900000002	0.1344983264	-0.0184477171	0.023773376699999998	-0.1104764378	-0.0050196267	-0.0553047675	0.0957564653	0.0387035196	0.0283341	-0.00747568	-0.0110762	8.103959999999998e-05	-0.0	0.0001901
710.724853515625	244.91583251953125	1.18306911	15.14909363	0.95299155	0.023485990000000005	-0.009506575699999999	-0.06854217	0.0719071515	-0.1068531601	0.11000893939999999	-0.0183335452	0.023395637799999997	0.0411370534	0.052661016500000005	0.0496019634	0.1101963564	0.18182089170000001	0.09426083910000001	0.0338638556	0.0398437	-0.00747933	-0.013204	0.00017527	5.36384e-05	0.00023913
-465.8995361328125	4111.41796875	1.22074962	15.63158894	1.02547264	0.08059177	-0.07993799	-0.0272544452	-0.026617518599999997	0.0888344034	0.0520606368	0.09604679279999999	-0.0012571696	0.08710886699999999	0.026441823700000002	0.0567418955	-0.19435001489999998	-0.034388370099999996	0.0927209666	0.028960615800000002	0.0209539	-0.00742659	-0.0381723	-0.000264221	0.000108636	0.0
4506.97607421875	2596.169677734375	1.2242254	15.67609596	0.97792608	0.07287177999999998	-0.080520205	0.0663008879	0.018702454	0.0575102327	-0.0098209645	-0.1208011865	-0.1215457166	0.042119801500000005	-0.0029613104999999997	-0.1625905555	0.0446110363	0.13344157380000002	0.09113757039999999	0.0240030054	0.0367378	-0.007481319999999999	-0.0221553	0.000262153	0.000153422	0.000249163
-23.3984375	2815.671630859375	1.13023186	14.47251701	0.9400391	0.039936045	0.026426352599999998	0.1203876243	0.07674927349999999	-0.0368159307	0.0113311005	0.0107666409	-0.0566181653	-0.10602422449999999	0.09853864960000001	-0.0094000677	0.0205444533	-0.024416660899999998	0.0895113939	0.0190003319	0.0407996	-0.00746018	-0.0221578	-0.00015123	9.89559e-05	0.0
126.2271728515625	1495.173583984375	1.20843089	15.47384834	0.93754113	0.051901525	0.09977427720000001	-0.050460230999999994	-0.0005989775	0.0549692193	-0.1544000543	0.000579907	0.10785624460000001	-0.0056803623	-0.0051940823	-0.1205355853	0.055084016799999996	-0.0260661833	0.0878432003	0.0139619873	0.0428628	-0.00132826	-0.010975	0.000262153	0.000181145	0.0001549
-846.147216796875	-1322.199462890625	1.21536827	15.56268024	0.96354342	0.044398935	-0.028134588500000002	-0.0129589175	0.0893988451	-0.1915553773	0.10729826560000001	0.0422217094	-0.0141666407	0.0077220388	0.0613491076	0.1194167092	0.14299499599999999	0.0280624589	0.08613377289999999	0.008897430500000001	0.0407934	-0.00747945	-0.022168	-4.84729e-05	1.1034199999999999e-24	0.000162836
7.8533935546875	14.8026123046875	1.15518713	14.79206753	0.98912698	0.031960925	-0.0207348796	-0.053974182999999995	-0.14121715029999998	0.032512604199999996	-0.0099610467	0.1115891451	0.045908493099999996	0.0639667624	-0.0981434485	0.030973686299999997	-0.0729285317	-0.0657689534	0.08438391390000001	0.0038161696	0.0408141	-0.00746492	-0.0221506	0.00015817199999999996	0.000268685	0.0
1925.9788818359373	-1613.445556640625	1.14301813	14.63624382	0.96057737	0.05409135	-0.095798132	0.061970003200000005	-0.049642947400000005	-0.0157760615	-0.0557951349	0.037421267700000004	-0.115124639	0.044632520599999996	-0.0513677442	0.001097224	-0.000724343	-0.040378781600000004	0.08259444469999999	-0.0012722556	0.040783	-0.00749145	-0.00470608	0.000262153	1.9467799999999998e-23	0.000359118
3579.9794921875	341.5565185546875	1.30652082	16.72988129	1.18531752	0.10454409999999999	0.0875489479	0.0633040888	-0.060781034500000004	0.0925595051	-0.0352710092	0.06794259150000001	-0.0141321203	-0.0894898153	-0.0060500438	-0.1450857402	-0.11014109679999999	-0.1268579169	0.0807662054	-0.0063582924	0.08254459999999998	-0.007510229999999999	-0.0222087	-0.000155086	-0.000337727	0.000509374
291.6051025390625	614.3084106445312	1.3343029	17.08562851	1.16251481	0.05046694	0.0184339334	0.0802074102	0.1455600436	-0.0797616083	-0.0162399083	0.0858986918	-0.0496049264	-0.0676518873	0.1702927829	0.0661405671	0.0155805434	-0.024363183700000002	0.0789000542	-0.0114323921	0.0825669	-0.00752097	-0.0222908	-0.000486943	-0.000977864	0.000544416
-322.1441650390625	2367.935546875	1.33853519	17.13982201	0.95501006	0.05359499	0.0888089795	-0.0699051946	0.0654275562	0.0938943451	-0.1283666022	0.0669917993	0.1203718382	-0.0087409521	0.0997745926	-0.07789166089999999	-0.0594988279	-0.0409270902	0.0769968669	-0.0164850287	0.0693298	-0.007484679999999999	-0.0161579	-0.000574202	-0.000510923	0.000414842
2969.8564453125	882.6873779296875	1.1200093	14.34161854	0.90248775	0.058245039999999984	-0.049244379500000005	-0.11947242359999999	0.09172043869999999	-0.0496519419	-0.0295501509	-0.029969532099999998	0.031022147599999998	0.1151213658	0.096370595	-0.0507681683	0.0700684293	0.0200303922	0.07505753700000001	-0.0215067163	0.08256539999999998	-0.00189785	-0.00934949	-0.000226977	-0.000615241	0.000615583
-249.89306640625	338.0643310546875	1.12597716	14.41803646	0.96159118	0.06743911	-0.1644436444	0.0360784653	0.0042729855	0.0334633073	-0.1232189794	0.10717303800000001	-0.1056331579	0.1136968785	0.07563767	0.0420129465	-0.1214801302	-0.19978141929999998	0.0730829748	-0.026488027400000003	0.0825641	-0.00748085	-0.0222912	-0.000646443	-0.000977864	0.00041941
-555.5174560546875	-2620.43359375	1.19239128	15.26846313	0.9419831	0.07172907099999999	0.0102956641	0.1005745925	-0.0249246454	0.0021602617	-0.0072488988	-0.0283758185	-0.0671741782	-0.082703363	-0.028165077	-0.030710068599999998	-0.0402985379	0.025787013900000003	0.0710741071	-0.0314196099	0.0825682	-0.00217482	-0.000528849	-9.92342e-05	-0.000755653	0.000543122
-2552.51708984375	-3168.181640625	1.01437664	12.98900127	0.89669979	0.048732613	0.0835528794	0.07295666370000001	0.050027495899999996	-0.0892547674	0.0079210767	0.1761184385	0.027818341099999998	-0.1261270216	0.062803212	0.1362728322	-0.021469335200000002	-0.0082404353	0.069031877	-0.0362922055	0.0659071	-0.007490499999999998	-0.000562242	-0.000560447	-0.000816669	0.000555342
804.358642578125	-466.6798095703125	1.45025623	18.57040024	0.97114742	0.054837038	0.11040906519999999	-0.12279285	-0.0347774558	0.023087950299999997	0.07378495110000001	0.1164792058	0.1449710726	0.0161174845	-0.045314640499999996	0.0051611098	-0.0694849934	-0.005064192	0.066957243	-0.0410966661	0.0694322	-0.0296197	-0.00480403	-0.000338601	-0.000651402	0.000667048
4612.109375	1284.9471435546875	1.16097844	14.86622429	0.93518227	0.04996353999999999	-0.1027207425	-0.0684373119	0.0227634944	0.019368084299999998	-0.023598496200000003	0.1752172856	-0.0115774054	0.1207086827	0.061016706500000004	0.0865080509	-0.0656670649	0.040696984900000004	0.0648511791	-0.0458239721	0.0825399	-0.0120634	-0.00935172	-0.000218036	-0.0008082159999999998	0.00064939
4353.60986328125	3732.82421875	1.08192515	13.85395336	0.98350924	0.09379538	-0.0563560655	0.0937130901	0.0250372768	0.0988608059	0.0171039199	0.0008877548	-0.10268711400000001	0.003654633	0.062019481200000004	-0.0292256306	-0.12311655310000001	-0.0057965557	0.0627146737	-0.050465248399999996	0.0622399	-0.0270731	-0.0225545	-0.000806767	-0.000607662	0.000533017
2734.7353515625	2651.201171875	1.44402564	18.49061775	0.92193264	0.10195665	0.0327483951	0.023184427400000002	0.0910627157	0.002356266	-0.1596635771	-0.0104540139	0.002082035	-0.0398900803	0.11289631619999999	-0.0855378795	0.0733190246	-0.0175372494	0.060548729800000006	-0.0550117815	0.0825621	-0.012615500000000003	-0.0040984	-0.000302594	-0.000274047	0.000669644
-2345.88916015625	985.7030029296876	1.47534347	18.89163971	0.94149476	0.10377749999999998	-0.0080262956	-0.033151683	0.1296408801	-0.1441607849	0.0597335851	0.0381476876	0.016952548600000002	0.0077352895	0.1461428829	0.12254101210000001	0.0412327912	-0.1186014416	0.0583543642	-0.059455035700000006	0.0661268	-0.0160539	-0.0309098	-0.0008640339999999999	-0.000694516	0.000509705
2072.111572265625	-593.1700439453125	1.15662432	14.81046963	0.98480034	0.06950699	-0.0955888793	-0.0758298329	-0.0906265201	-7.07387e-05	-0.1135008405	0.0723582366	0.005950699	0.12492622380000001	-0.0433882701	-0.0051169838	-0.032144373999999996	-0.1138105517	0.0561326067	-0.06378666919999999	0.0708067	-0.0115253	-0.00905111	-0.000254124	-0.000565293	0.000539368
1566.8621826171875	-631.5430908203125	1.04048157	13.32327271	0.92826939	0.03370338999999999	-0.039444184199999996	0.13450237339999999	-0.0134719255	-0.0288407173	-0.0267487564	0.1050605949	-0.1295313356	-0.052066566200000004	0.0087528074	0.0700024413	0.0141802389	0.0481168487	0.0538845004	-0.06799855	0.0728648	-0.0149563	-0.0112709	-0.000646443	-0.000631279	0.000477783
736.3627319335938	1658.083984375	1.16317677	14.89437294	0.91822356	0.0383732	0.1155039196	0.0402824952	0.0165256698	0.0553300609	-0.074550326	0.15273790550000002	0.0757051483	-0.0974293485	0.058224979	0.0016492557	-0.0558495688	-0.0624625836	0.0516111005	-0.0720827705	0.0621007	-0.0370257	-0.0112761	-0.000646443	-0.000613791	0.000570985
-306.88671875	-207.9141845703125	1.28460324	16.44922829	0.92942297	0.07802829999999998	0.0388207771	-0.0975156051	0.10065411939999999	-0.07105216980000001	-0.0245565819	0.024787165899999998	0.0787415756	0.031958552599999995	0.0744069577	0.0187602475	0.0794499975	0.014717191299999998	0.049313474100000004	-0.0760316633	0.0790662	-0.0241847	-0.0053596	-0.000180848	-0.00046323	0.000800935
1401.6138916015625	913.4627685546876	1.29172993	16.54048538	0.96856403	0.1117894	-0.1588271108	0.0052535694	0.0238791767	0.0036944158	-0.0654696958	0.1632209433	-0.08206074070000001	0.1022986684	0.0804905511	0.1495323438	-0.0805951513	-0.07017840040000001	0.0469926998	-0.0798378145	0.0601062	-0.0370283	-0.0256348	-0.0008794449999999999	-0.00071604	0.00055813
1680.614501953125	-222.9102478027344	1.10262454	14.11900806	0.93957204	0.08934459999999998	-0.0144921287	0.0761414465	-0.037909021200000004	0.075828804	0.021246655299999997	0.019833578600000002	-0.0739928285	-0.0223968139	-0.0511901439	-0.0145122295	-0.0490974639	0.1205605549	0.0446498669	-0.0834940785	0.07909979999999998	-0.0370759	-0.0125931	-0.00013180200000000004	-0.000502477	0.000742158
290.74005126953125	1358.9666748046875	1.18316722	15.15034866	0.89289492	0.026501750000000008	0.014759696899999999	0.1002774949	0.1355170542	0.0099692314	0.0037400527	0.13660818519999998	-0.053628149800000004	-0.10568915890000001	0.17309023839999998	0.027628298500000002	0.009127066	0.0472456813	0.042286075199999995	-0.0869935912	0.07906019999999998	-0.0370664	-0.0125777	-0.000517543	-0.000421807	0.000679824
1514.74072265625	3473.21875	1.34878528	17.2710743	0.980573	0.0486266	0.0672895542	-0.0726775579	0.1568314398	0.08860487460000001	-0.0676877976	0.0669483047	0.1151361917	0.0116309458	0.17327611629999998	-0.07210729190000001	-0.0546779634	0.0039683425	0.039902434199999996	-0.0903297824	0.0691137	-0.0348855	-0.0304551	-0.000511758	-0.000712714	0.00060408
2022.3662109375	832.4706420898438	1.20024967	15.36908913	0.96624291	0.06495299999999998	-0.1182290884	-0.1101992451	0.1463384009	-0.0365371785	-0.0094890998	0.0327839736	-0.0069644482	0.140729253	0.1472488871	0.0247937294	0.11292984519999999	0.09666958980000001	0.0375000629	-0.093496389	0.0770241	-0.0370668	-0.0125908	-0.000339055	-0.000378804	0.0008374069999999998
667.1168212890625	855.2225952148438	1.08096254	13.84162807	0.96668732	0.03979295000000001	-0.1556975615	0.0656277079	0.069793465	0.07991442110000001	-0.11669780800000001	0.2036282468	-0.12161657140000001	0.0738206825	0.1315475615	0.0703012971	-0.10769758230000001	-0.1625653486	0.0350800889	-0.0964874658	0.0692874	-0.0370799	-0.0171321	-0.000701168	-0.000563384	0.000840751
3043.117431640625	3209.974609375	1.01762033	13.0305357	0.96702892	0.06079795000000001	-0.0287356279	0.057487445400000003	-0.0092010835	0.1578044946	-0.0419668645	0.0463692933	-0.0653177503	-0.007601713	-0.0035634715	-0.10336180689999999	-0.11283591330000001	0.0376744286	0.0326436482	-0.0992973975	0.0791487	-0.0270613	-0.0125765	-0.000499602	-0.000233617	0.000644835
302.74298095703125	2826.2265625	1.53767908	19.68984222	1.24097323	0.21135445	-0.00032871129999999997	0.0451911413	0.058023401399999994	0.0236789316	-0.0011155411	-0.1714356215	-0.0565290491	-0.0356964117	0.0385917841	-0.1587251011	0.033600271099999995	-0.0066263582	0.0301918844	-0.10192090869999999	0.0648679	-0.0636993	0.0328716	0.0011913300000000004	-0.000722862	0.0007644089999999999
215.61859130859372	3445.853515625	1.72307336	22.0637989	1.46604967	0.25496710000000006	0.0656823393	0.0230186244	0.1067095594	-0.0228618783	-0.090564796	0.1372157081	0.0536801387	-0.06664279440000001	0.1635817134	0.0347807137	-0.0235924877	-0.13147361119999998	0.0277259485	-0.1043530741	0.0629183	-0.030692	-0.0460744	-0.00109343	-0.00050103	0.000449717
-674.755859375	-1050.01953125	1.83954179	23.55516624	1.50615025	0.25965235	-0.021300802	-0.13183685480000001	-0.0180314352	-0.053449021900000004	-0.0667161658	-0.1415007535	0.0433362327	0.1152018928	-0.07014147030000001	-0.0953649441	0.23465268949999998	0.049142327699999995	0.025246997799999997	-0.1065893274	0.0628545	-0.0570929	0.0423403	0.00150187	-0.000625667	0.000625239
-3397.25537109375	-3809.517578125	1.17340064	15.02528954	1.02305341	0.08637095	-0.1065539551	0.039964934900000006	-0.0911512289	0.001014018	0.008071469	0.0114536543	-0.07362112230000001	0.0563747388	-0.0933404324	0.08431379259999999	-0.0339078353	-0.1783327157	0.022756196099999997	-0.1086254705	0.0575767	-0.0648018	0.0300502	0.000683497	-0.000329701	0.000732783
-708.379638671875	-4327.140625	1.08427417	13.8840332	0.92894572	0.1275577	0.037594860699999996	0.07737025730000001	-0.1066669989	0.026688385800000002	0.023590205299999997	-0.12261490779999999	-0.0525255857	-0.0809994693	-0.1840721639	-0.0572124944	0.0398036845	0.0855613517	0.0202547126	-0.1104576805	0.0628149	-0.0457099	0.0617263	0.00167569	-0.000431451	0.00106987
-3120.879150390625	-3649.013671875	1.07580614	13.77560043	0.87547445	0.13317190000000004	0.0828440796	0.0968698477	-0.015666354099999998	-0.049813849800000004	0.0844604818	0.0389661269	0.0065260079	-0.1508896042	-0.0286641587	0.10351678869999999	0.0488992382	0.0597108904	0.0177437214	-0.1120825179	0.0628287	-0.0647894	0.0280598	0.000952216	-0.000796778	0.000550429
-411.2535095214844	-1343.76171875	1.36296403	17.452631	0.94814193	0.06880434999999999	0.1483912962	-0.0720142436	-0.04622738	0.085522131	-0.0737416425	-0.0295759177	0.1535694966	-0.0369885633	-0.043561674	-0.0582478595	-0.024690385899999997	-0.041379305299999995	0.015224401299999999	-0.113496932	0.0628473	-0.0559443	0.0444747	0.00129581	-0.000374312	0.000654884
-236.1279296875	-3034.384765625	1.28284943	16.42677116	0.99746656	0.07348785000000001	-0.07272895019999999	-0.0734262023	0.045858610599999995	-0.11590237710000001	0.054822969900000004	-0.0266661702	0.0035565561	0.0765423462	0.027221056	0.0862168879	0.1494952393	0.08810557210000002	0.0126979347	-0.1146982674	0.0766579	-0.0632593	0.0328585	0.000952216	-0.000647254	0.000853269
-452.6273193359375	-1440.5078125	1.19591367	15.31356716	1.02321255	0.0343878	-0.042523945199999996	-0.0009257378999999999	-0.14305179210000002	0.1016278309	-0.0184386729	0.015434439199999999	-0.019730980500000002	0.04334433519999999	-0.118996233	-0.045562785099999996	-0.1349303997	-0.0958404953	0.0101655077	-0.11568426890000001	0.0683538	-0.07056460000000002	0.0352891	0.0008252459999999999	-0.000505607	0.00079493
-979.2517700195312	-1859.380859375	1.21944082	15.61482906	0.95541185	0.0546314	0.0475761434	0.0738860827	-0.0487298858	-0.0225785696	0.0452274894	-0.1141329821	-0.046276044599999996	-0.0863929611	-0.06444262190000001	-0.0451760818	-0.0408169157	0.0026097836	0.007628309000000001	-0.1164530852	0.0816596	-0.0537422	0.0337762	0.00122902	-0.000539114	0.000772405
-2856.751220703125	-1283.75390625	1.08045733	13.8351593	0.9507156	0.06764859	0.09658918150000001	0.0023298360999999997	0.0177869407	-0.0819934561	0.026006411200000003	-0.0396475673	0.0744901033	-0.0610871745	0.0357437954	0.07258544900000001	-0.045330913	-0.0849569931	0.0050875295	-0.117003273	0.0791875	-0.0537116	0.00459751	0.0007973	-0.000591894	0.000537561
-1365.1256103515625	-2419.501953125	1.32227063	16.9315567	0.97633529	0.07441663999999999	-0.015188378700000001	-0.1438577624	-0.110583864	-0.0864343195	0.003493139	-0.0734266811	0.067009049	0.1029327543	-0.1286162168	-0.0027252281	0.0915897165	-0.015590623999999999	0.0025443619	-0.1173337994	0.07965519999999998	-0.0537379	0.0306789	0.00127864	-0.000374312	0.0007954639999999999
-2018.5	-3427.375	1.10770762	14.18409538	0.95301378	0.05386945	-0.0483904985	0.10674682519999999	-0.13632989539999998	-0.0683245409	0.047208985700000004	0.0449162688	-0.12154322099999999	-0.0370659061	-0.1324867596	0.10841541789999999	0.0038188915	0.0122656627	-0.0	-0.1174440439	0.0791772	-0.0731446	0.0306437	0.000952216	-0.00060994	0.0009124030000000002
-1113.9993896484377	-1610.373046875	1.2569778	16.09548759	0.91771942	0.09380165	0.161467324	0.0193479829	-0.1631845807	0.0086133443	-0.0364565925	-0.031068718399999997	0.0937495375	-0.11675350570000001	-0.127403289	-0.0644539817	-0.0096340242	-0.0567331575	-0.0025443619	-0.1173337994	0.0768226	-0.0556443	0.0501436	0.00171515	-0.000374312	0.000822028
-4714.2490234375	-1388.74609375	1.32042682	16.90794563	0.90119874	0.1076602	0.06346690940000001	-0.0607461984	-0.0267525261	-0.1934702331	0.1713265746	-0.0741844708	0.0801228751	-0.028463137200000002	-0.0487931575	0.1783285761	0.0166477438	0.0206633347	-0.0050875295	-0.117003273	0.0731016	-0.0601387	0.016239	0.000952216	-0.000692984	0.00059283
3195.001708984375	1115.755859375	1.24053693	15.88496304	1.10134065	0.2138768	-0.0116789434	-0.11862930210000001	-0.2053635302	0.012984573400000001	-0.021718039100000003	-0.019296297900000002	0.0780050101	0.09924830949999999	-0.12149545380000001	-0.0149247778	-0.1250276505	-0.0230365937	-0.007628309000000001	-0.1164530852	0.0758423	-0.0805556	0.0167963	0.00316667	0.00016159	0.00132704
5755.00244140625	2647.5078125	1.17726445	15.07476521	1.07376993	0.19123285	-0.0565786455	0.0799119822	-0.0403628717	0.009194046800000001	0.0690359756	-0.1145980385	-0.1257873422	0.0067993635	-0.0010388811	-0.057969551200000004	-0.0787866089	0.057118372	-0.0101655077	-0.11568426890000001	0.07925419999999998	-0.0570186	0.0166022	0.00105743	-0.000512192	0.000828265
3316.6279296875	5281.634765625	1.24413764	15.93107033	0.95357573	0.028670599999999994	0.061676650199999995	0.0265396153	0.029638841800000003	0.035146979700000004	-0.048019131799999996	-0.18103598170000001	-0.0025235461	-0.059498896600000004	0.08500855869999999	-0.18601631710000002	-0.022364064	-0.0833061959	-0.0126979347	-0.1146982674	0.0611971	-0.0534154	0.016586199999999995	0.00114019	-0.000560857	0.000819804
1619.5035400390625	1021.01171875	1.35605001	17.3640976	1.06926894	0.0826353	-0.0536521108	-0.0947543015	0.0686011819	-0.0771352421	-0.15433365570000002	-0.10346010470000001	-0.0050696236	0.10282982980000001	0.0348227738	-0.0776315222	0.23426455899999998	-0.0039539883	-0.015224401299999999	-0.113496932	0.07927689999999998	-0.0402362	0.0297505	0.00148976	-0.00086631	0.000710587
-2049.870849609375	-3048.736328125	1.3014431	16.66486168	1.03652108	0.08459329999999998	-0.0966326045	0.1410170377	-0.0629282285	-0.1598208208	-0.0023949495999999997	-0.0987106583	-0.1594397031	-0.0316364997	-0.0989291147	0.0208098036	0.17728511719999998	-0.14767125650000001	-0.0177437214	-0.1120825179	0.0629594	-0.0568019	0.0193879	0.00105743	-0.000665885	0.000516392
-4923.3701171875	-6120.609375	1.5671643	20.06739807	1.01645315	0.1013176	0.1642584777	-0.0123191037	-0.1476643899	-0.08422229390000001	-0.21621589859999998	0.053681521100000004	0.1180858118	-0.0971069083	-0.162937663	0.0085899634	0.1919640997	-0.0825223201	-0.0202547126	-0.1104576805	0.0736286	-0.0516877	0.0519522	0.00168301	-0.00086631	0.000749785
-6303.99462890625	-5583.732421875	1.86109054	23.83109665	0.97837281	0.06514115	-0.0440302444	-0.0178097304	-0.1327658062	-0.1835898762	0.11850576210000001	0.11095602019999999	0.0247774575	0.0203831183	-0.1442518118	0.2839096557	0.022392864199999998	-0.008758159599999999	-0.022756196099999997	-0.1086254705	0.0637312	-0.0568382	0.0369978	0.00114372	-0.00086631	0.000913272
-4986.744140625	-4805.35546875	1.09345853	14.00163746	0.93092841	0.09588965000000002	0.058910432400000004	0.08819366990000001	-0.1764195706	-0.042389551	0.1285057343	-0.0116123042	-0.009613256899999999	-0.0948951363	-0.2287272836	0.0845742494	-0.0151755202	0.1361725081	-0.025246997799999997	-0.1065893274	0.0818572	-0.056821	0.0591838	0.00199381	-0.00068808	0.0008303829999999998
-4043.11865234375	-1591.728515625	1.26255465	16.16689873	0.91731721	0.09147349999999999	0.15114536509999998	0.0179677278	-0.0660958484	-0.0909671157	0.1308137374	0.0731075405	0.0922385715	-0.1322105465	-0.0680304912	0.1312762425	-0.048350356799999994	0.0201826167	-0.0277259485	-0.1043530741	0.08187139999999998	-0.056822	0.0343314	0.00105743	-0.00086631	0.000612875
2166.882080078125	1291.7734375	1.51324093	19.37691307	0.98526704	0.05597615000000001	-0.0417459789	-0.1496637488	-0.1146764837	-0.07633453280000001	0.0400059472	-0.045876699800000004	0.0838579495	0.1298285454	-0.09728023470000001	-0.0058494839	-0.0078026312	0.0458857219	-0.0301918844	-0.10192090869999999	0.0818874	-0.0569917	0.0330293	0.0018504	-0.00086631	0.000909672
1607.007568359375	-947.2245483398438	1.3235395	16.9478035	1.00063825	0.06246060000000001	-0.060822678899999996	0.134103783	-0.0043069245	-0.10520688199999999	0.0051355112	-0.11873158269999999	-0.1450157199	-0.0291455189	-0.0032371064	0.00389066	0.0228500907	-0.0320806612	-0.0326436482	-0.0992973975	0.0848904	-0.0566664	0.0208976	0.00105743	-0.00086631	0.00076263
686.0081787109375	1003.9024047851562	1.28329277	16.43244743	0.97918427	0.07370575000000001	0.133510681	-0.06408731849999999	-0.0480449075	0.0225316354	-0.1001424115	-0.0268039125	0.1342761063	-0.0329432245	-0.0346634747	-0.0840629573	-0.006622337900000001	-0.0719336714	-0.0350800889	-0.0964874658	0.0655815	-0.073966	0.0298402	0.00157608	-0.00086631	0.000718187
848.0087280273438	-1145.720703125	1.51907086	19.45156479	0.96026713	0.09068545	-0.0784439928	-0.1031364437	-0.0345804072	-0.1225331703	-0.0094728137	0.006987975699999999	0.0195746088	0.1050507368	-0.0187956899	0.0717044529	0.0920556808	0.0112315951	-0.0375000629	-0.093496389	0.0818541	-0.0439447	0.017023799999999995	0.00137228	-0.000611058	0.000890638
139.75933837890622	2541.78125	1.16882002	14.96663475	1.00460851	0.04901905	0.0061457864000000004	0.0583328237	-0.1070889775	0.0712738274	0.0881897045	0.00039196900000000004	-0.0342376105	-0.0197017625	-0.0717871179	-0.040218913700000004	-0.1271120269	0.024686448	-0.039902434199999996	-0.0903297824	0.0819004	-0.0591452	0.021331	0.00105743	-0.000529001	0.000698244
-1530.364990234375	4733.158203125	1.39432514	17.85420799	0.98325199	0.07011435	0.060731278	0.0152003916	0.021132355499999998	0.047770955999999996	0.0294535773	-0.1116699035	0.0188297217	-0.06285719370000001	0.0174982474	-0.1500985832	-0.0234122746	0.0570817518	-0.042286075199999995	-0.0869935912	0.0974549	-0.0653818	0.0291071	0.00136501	-0.00086631	0.000864298
-4068.239501953125	3522.91015625	1.26196849	16.15939331	0.99004835	0.08958517	0.0165136021	-0.0463328524	0.1593455065	-0.0771744446	0.0781434765	-0.0682427007	0.0370542486	0.007381315699999999	0.1293946995	0.0317260448	0.0175196312	0.010519859599999999	-0.0446498669	-0.0834940785	0.0872376	-0.07402509999999998	-0.00797917	0.0007644839999999998	-0.00086631	0.0009365380000000002
-1073.1138916015623	2471.537109375	1.24844992	15.98628902	1.00795269	0.10686937	-0.1299427084	-0.07116408980000001	-0.0610946142	0.09110283300000001	-0.0336013117	-0.1326784035	-0.013761568200000001	0.1651109085	-0.0720357708	-0.0945049173	-0.028156411699999998	-0.0982838945	-0.0469926998	-0.0798378145	0.0723445	-0.0719715	0.0247476	0.00128971	-0.00040323	0.00109215
-3360.73828125	-1549.9608154296875	1.48657298	19.03543282	1.0160079	0.0274537	-0.0014043132999999998	0.1101751793	0.0413185175	-0.0153583749	0.0045582224	-0.0860506593	-0.0985902174	-0.0934578326	-0.032574449	-0.0076433247	0.0910603052	0.0603911713	-0.049313474100000004	-0.0760316633	0.0748932	-0.0692399	0.0243096	0.00131275	-0.00066021	0.000937462
-4784.73779296875	-88.95892333984375	1.45910358	18.68368912	1.00804317	0.05149074999999999	0.1321858455	-0.06956198940000001	0.0287427208	0.043079189500000004	0.15531122949999998	0.0056695222	0.15121604730000002	-0.049208716900000005	-0.0167368356	0.0433056842	-0.06590664519999999	0.011232513700000002	-0.0516111005	-0.0720827705	0.062662	-0.08352289999999998	0.0221132	0.00105743	-0.0007303649999999999	0.000807334
104.0128173828125	1024.4180908203123	1.19947553	15.35917568	0.94899583	0.1026927	-0.0221946759	-0.1365966275	-0.0063216012	0.1149473567	0.044571315800000004	0.048163653099999995	0.0894851927	0.1030451315	-0.0255560054	0.015137479099999998	-0.0048992627	0.1867738698	-0.0538845004	-0.06799855	0.0774944	-0.0739929	0.0369507	0.00152536	-0.000247695	0.00112659
2473.263427734375	5622.544921875	1.11297822	14.25158501	1.01263118	0.10238585	-0.0821514813	0.0325253248	0.043016590099999995	0.1820216	0.1228689641	0.0064809506	-0.0757498684	0.0400025882	0.0537796715	-0.0619297901	-0.1741238726	0.0993025851	-0.0561326067	-0.06378666919999999	0.0641719	-0.0739645	0.019228	0.000870698	-0.000697667	0.000804979
2729.13916015625	5123.171875	1.28300261	16.42873192	0.91864008	0.055908289999999985	0.0232547815	0.0207208779	0.0837061559	0.1418720567	-0.0102729776	-0.251686008	-0.023358939300000003	-0.0350196021	0.08195016690000001	-0.227396037	-0.0596669513	0.0117090975	-0.0583543642	-0.059455035700000006	0.0683087	-0.0739779	0.00676846	0.0012519600000000003	-0.000413488	0.000925509
913.2646484375	3746.923828125	1.07935858	13.82108879	0.91809905	0.0419371	-0.0192587273	-0.0319934717	0.2091486873	0.0053958076	-0.1177030931	-0.09416626210000001	0.0004750092	0.040382262599999996	0.2183301619	-0.0600251105	0.0766278269	-0.045328397199999995	-0.060548729800000006	-0.0550117815	0.0676402	-0.0739727	0.00353791	0.00105743	-0.00086631	0.0008122039999999999
705.5152587890625	2047.1759033203125	1.37010384	17.54405594	0.97592676	0.06696279	-0.11608215640000001	-0.1155168481	-0.0167146131	0.09696990330000001	-0.064472917	-0.0815860157	0.014966556899999999	0.1677816116	-0.0009633619	-0.06961979900000001	0.0303123844	-0.0028612275	-0.0627146737	-0.050465248399999996	0.0705065	-0.0739665	0.0192722	0.00145105	-0.000349845	0.0008692389999999998
-2291.109130859375	-2131.197265625	1.32689214	16.9907341	1.02486885	0.05410669	-0.0746769744	0.1337948369	0.0849629002	0.0132589167	-0.029766417200000003	-0.0108878664	-0.15433938349999998	-0.0400261248	0.0081374239	0.0133290554	0.094958785	0.0883498165	-0.0648511791	-0.0458239721	0.0705006	-0.0740045	0.00228296	0.00105743	-0.000349845	0.0012170900000000003
-6452.2333984375	-2196.3203125	1.18027794	15.11335182	0.96003407	0.024249840000000005	0.1384537693	-0.0049903108	0.0379064635	0.11481135349999999	0.035236295099999995	0.1041116978	0.127449305	-0.1101446466	-0.0104395085	0.0451802612	-0.031570400400000004	0.046278972599999996	-0.066957243	-0.0410966661	0.07050670000000002	-0.0739963	0.020578	0.00105743	-0.000349845	0.00109828
-4526.48291015625	-1454.3182373046875	1.50469661	19.26750374	0.94716954	0.07527629999999999	0.0347881222	-0.0957482068	0.0691243019	0.042388252	0.1910896816	0.0445795863	0.08362707230000001	0.0357133565	-0.025666058	0.055994194000000004	0.050778381799999994	0.2063338579	-0.069031877	-0.0362922055	0.0847268	-0.093055	0.017913	0.00150836	-0.000566755	0.0012170900000000003
-4590.357421875	2043.0587158203125	1.11788654	14.31443596	0.9693647	0.11582909000000002	-0.0921209261	0.0178294801	0.060822033399999996	0.18020169989999998	0.1915404247	0.1640613933	-0.0481279604	0.061485980700000005	0.0164389577	0.06899240820000001	-0.20215609269999998	0.1168027843	-0.0710741071	-0.0314196099	0.0698539	-0.11725	0.00131751	0.000708861	-0.000482598	0.000897432
-2294.23193359375	745.9356689453125	1.26033926	16.13853073	0.9185546	0.10514824	0.023315304300000003	0.0570851224	0.09705002759999999	0.1506342663	0.18524172379999998	-0.1208328208	-0.0336902255	-0.0641538042	-0.0023531298	-0.0695545968	-0.1076645852	0.1843387179	-0.0730829748	-0.026488027400000003	0.0869781	-0.09430740000000003	0.0121165	0.00153535	-0.000404426	0.00107842
-1368.8563232421875	-378.6873779296875	1.14451444	14.65540409	1.02727413	0.22638672	0.0364208671	0.0366201996	0.206229122	0.0074525663	0.053900863099999995	0.028064681600000002	0.0089581435	-0.0745820134	0.1451073554	0.0812873346	0.0085360368	0.1380511522	-0.07505753700000001	-0.0215067163	0.0900828	0.0551148	-0.00615312	0.000616797	-0.000349845	0.0012170900000000003
-168.6058349609375	2933.189453125	1.63045692	20.87785339	1.13022482	0.23256447	0.014297717199999999	-0.1557890677	0.033971407	0.1602093687	0.11605509369999999	0.0188627812	0.10980463689999999	0.0959447837	0.0126002386	-0.071018184	-0.0638084947	0.0691289121	-0.0769968669	-0.0164850287	0.0869635	-0.109309	0.0215761	0.00136264	-0.000349845	0.0012170900000000003
2886.02001953125	1639.066650390625	1.31798589	16.87668991	1.08415377	0.23916015	-0.1797674039	-0.0252175792	0.0804086396	0.0471687879	-0.0214591181	-0.019708963200000002	-0.1092567518	0.1436447991	0.0552340105	-0.0316168902	-0.0029211959999999996	0.0059335638000000005	-0.0789000542	-0.0114323921	0.10773700000000001	0.0534352	-0.01203	0.000921913	-0.000349845	0.0012170900000000003
1896.0203857421875	3125.193359375	1.12436295	14.39736652	0.98786479	0.043262	-0.0272353387	0.1048333921	0.04558415019999999	0.10373926859999999	0.035092162	-0.056147087000000005	-0.0912241371	-0.0431531676	0.046916143099999995	-0.0582223405	-0.1123729493	0.0053613653	-0.0807662054	-0.0063582924	0.0914467	0.0416373	-0.0120237	0.000618563	-0.000349845	0.0012170900000000003
1296.1461181640625	1193.320556640625	1.36520612	17.48134041	0.94600552	0.06584818999999999	0.050236948	0.0023271558	0.0831674685	0.0808841809	-0.11110496730000001	-0.0276232513	0.0293091085	-0.043464332300000005	0.056169615	-0.11692548380000001	0.0698279525	0.055922575700000005	-0.08259444469999999	-0.0012722556	0.110229	0.0444642	0.007764939999999999	0.0011075700000000002	-0.000349845	0.0012170900000000003
-1229.2283935546875	698.1973876953125	1.52665591	19.5486908	0.94290578	0.10181804	0.00746187	-0.0423443476	0.1639758993	-0.061285535700000004	0.09932926060000001	0.0066729889	0.0371056132	0.0032092921000000003	0.14362145199999998	0.07562450230000001	0.0407838965	0.0074603966	-0.08438391390000001	0.0038161696	0.0929057	0.0491902	-0.0209023	0.000468781	-0.000733086	0.0012170900000000003
2116.022216796875	958.3244018554688	1.18023264	15.11277199	0.97778922	0.08747531999999998	-0.0917131741	-0.13280847140000002	-0.0152982346	0.090232332	-0.044772751900000005	0.003529192	0.0426708997	0.151143309	-0.011471571000000002	-0.0622502046	-0.0022426798000000003	0.0385427335	-0.08613377289999999	0.008897430500000001	0.0908621	0.0534251	-0.00708993	0.00134893	-0.000349846	0.00113279
469.5228271484375	-1396.923583984375	1.07130277	13.71793556	0.93823636	0.04694652000000001	-0.09057658310000001	0.11968099369999999	0.021294715699999998	0.0204749533	0.0199529159	0.0596868812	-0.1548357331	-0.0279143803	-0.0138960022	0.0240695993	0.0348459213	0.0693192638	-0.0878432003	0.0139619873	0.0908655	0.0410199	-0.010763600000000002	0.000815945	-0.000349846	0.0012170900000000003
607.1484375	540.453369140625	1.17986023	15.10800362	0.94570506	0.04084776999999999	0.111884297	0.0479323071	0.0022029118	0.14188961949999998	-0.0459995035	0.1103086794	0.0504122842	-0.12868683720000001	0.0234644207	-0.0738664015	-0.0831443462	-0.0425589042	-0.0895113939	0.0190003319	0.0878122	0.0534305	0.00558187	0.000996713	-0.000349846	0.0012170900000000003
-238.60107421875	-1335.169677734375	1.2071631	15.4576149	0.94757921	0.05333423	0.0256416771	-0.0302061054	0.139579798	-0.07217578990000001	-0.0398297283	-0.0237651673	0.028753425099999997	-0.0090828652	0.1017858653	0.044298337	0.1071595681	0.060996418200000006	-0.09113757039999999	0.0240030054	0.0908665	0.0419831	-0.00519771	0.000737741	-0.000297759	0.00146709
1116.5245361328123	-398.2928466796875	1.36142421	17.43291473	0.96718884	0.03961989	-0.0767913314	-0.0566129405	-0.0469104396	0.0202601983	0.006779835600000001	0.06771162160000001	0.0177839024	0.0781181653	-0.0146509327	0.0678609105	-0.06554255469999999	-0.0975967445	-0.0927209666	0.028960615800000002	0.0708303	0.04311	-0.008550149999999998	0.000737741	-0.000349846	0.0012170900000000003
2190.150146484375	-1219.790771484375	1.12528288	14.40914536	0.93773615	0.06258702	-0.0518064355	0.08834678730000001	-0.0315078059	0.059760533	0.0168923727	-0.0631492461	-0.1086918776	-0.0137742563	-0.056729996	-0.0594918013	0.0254043772	0.0975211681	-0.09426083910000001	0.0338638556	0.0908655	0.0534434	-0.00190668	0.00124924	-0.000349846	0.0012170900000000003
318.900634765625	-1609.788818359375	1.20717728	15.4577961	0.91168445	0.035651901	0.0372855238	0.11144942710000001	0.10030182929999999	-0.056626496	-0.0023597435000000003	0.0445987937	-0.0523035415	-0.12189394869999999	0.092042076	0.029338115499999998	0.1039684194	0.0041881588	-0.0957564653	0.0387035196	0.0908655	0.0506364	-0.000620479	0.000618066	-0.000349846	0.0012170900000000003
778.6513671875	-949.286865234375	1.48623085	19.03105164	0.97064227	0.036507850999999994	0.1071593687	-0.099584325	0.0472650737	0.0313664281	-0.0137641542	-0.0119794228	0.1337888831	-0.0099552169	0.0188219694	-0.0740028078	-0.0029564276	-0.0279904327	-0.09720714300000001	0.043470521799999995	0.0908655	0.0392098	-0.008561829999999998	0.000960864	-0.000349846	0.0012170900000000003
2038.90185546875	-1532.409912109375	1.17656016	15.06574631	0.93649328	0.045419420000000016	-0.09212885960000002	-0.1009076324	0.0206760646	-0.0163466829	-0.0162966477	0.0582512646	0.0166052831	0.115873974	0.0021904571	0.0733302845	0.0651861706	0.08763942429999999	-0.09861219130000001	0.048155912599999996	0.116817	0.0368929	-0.008560609999999998	0.00117646	-0.000349846	0.00108969
918.152587890625	-1337.282958984375	1.08843863	13.93735886	0.95107156	0.05018656000000001	-0.0609540316	0.1167631859	-0.049283724	0.07632318240000001	0.021120704	0.1062736618	-0.1131349277	-0.028639381600000003	-0.0353393046	0.031003102299999998	-0.07534913559999999	-0.0080368368	-0.0999709507	0.0527508957	0.0971609	0.0369087	-0.0085489	0.000649981	-0.000349846	0.00100611
567.528076171875	-1323.781005859375	1.2301724	15.75224686	0.92049998	0.06759132	0.066719316	0.056693773200000006	-0.0334491827	0.0033988829999999997	-0.0262063429	-0.0395964133	-0.0037254068	-0.106864235	-0.0334242825	-0.0773571162	0.013363884099999999	-0.027182178900000003	-0.1012827833	0.057246844500000005	0.102737	0.0368829	0.00530107	0.00140179	-0.000349846	0.0012170900000000003
-1596.7213134765625	-1898.279052734375	1.06458735	13.63194466	0.91220415	0.05263132	0.0545706021	0.0319983433	0.061308330999999994	-0.1390782937	-0.074458743	0.0046336466	0.0221069838	-0.061515725	0.0828091968	0.0935223885	0.06294121	-0.0603456107	-0.1025470733	0.0616353184	0.0971639	0.0368783	-0.008550149999999998	0.000737742	-0.000349846	0.0012170900000000003
816.154296875	-627.527099609375	1.40577269	18.00079155	0.97880429	0.03355803000000001	-0.043640721900000005	-0.1374613667	-0.1305854379	-0.048620643600000006	-0.11795925130000001	0.023277700699999997	0.0732979966	0.12373484259999999	-0.0695784975	0.0040526539000000006	0.0379116635	-0.14590104710000001	-0.10376322730000001	0.0659080783	0.0971695	0.0368569	-0.008561479999999998	0.00126916	-0.00021087	0.0012170900000000003
1462.90478515625	-2361.150146484375	1.17768872	15.08019829	0.95569438	0.020243800000000006	-0.0894793674	0.08418993609999999	-0.0871858538	-0.0828737787	-0.0880740408	-0.0147260627	-0.15077906300000002	0.014466374799999999	-0.088353777	0.0142678457	0.060455334000000006	-0.0432950054	-0.10493067449999999	0.0700571028	0.0971613	0.0368714	-0.00857678	0.00117431	-0.000520136	0.0012170900000000003
-2095.469482421875	-961.648193359375	1.27334225	16.30503273	0.98365855	0.042782580000000014	0.1456238855	0.0694081216	-0.10969861980000001	-0.039422194300000005	-0.0809839757	0.049102638600000005	0.0630840815	-0.1411407068	-0.0670102308	0.021990185899999997	-0.0368154307	-0.1674942937	-0.1060488668	0.07407460240000001	0.079271	0.0368743	-0.008553899999999998	0.00084727	-0.000349846	0.0012170900000000003
-542.343994140625	-1373.646240234375	1.37883973	17.65591812	0.99417806	0.04302262	0.1122034655	-0.0706924632	-0.0565244381	-0.1301741474	-0.0551146349	-0.014563115	0.11495858519999999	-0.0205310147	-0.029975191600000003	0.0348182488	0.0484498395	-0.0486041391	-0.10711727929999999	0.0779530346	0.0979992	0.0368786	-0.00569678	0.0012759300000000004	-0.000349846	0.0012170900000000003
785.65673828125	1671.105712890625	1.31628811	16.85494995	0.99001431	0.11316462	-0.05070701440000001	-0.08147646900000001	-0.0612489494	-0.1169234965	0.0547578184	0.08902948849999999	0.0405401488	0.0804023809	-0.0042815922	0.1167825356	-0.0656174814	-0.039720694	-0.10813541060000001	0.0816851181	0.09589520000000003	0.0205377	-0.0346588	0.000382153	-0.000349846	0.0007957129999999998
5324.0322265625	711.857666015625	1.14619899	14.67697525	0.96540415	0.11156705	-0.0953065932	-0.0126407883	-0.120528817	-0.0229393466	-0.0328225685	-0.1453469792	-0.0654610219	0.1081416668	-0.0823903629	-0.11363543109999999	0.0228670125	-0.11358655449999999	-0.1091027827	0.08526384640000001	0.0938252	0.0448435	-0.00524225	0.00108109	-0.000349846	0.00121227
1893.53271484375	-1038.890380859375	1.25464773	16.06565094	0.96301454	0.0577323	-0.0259296083	0.1528020442	0.0412184523	-0.1435204085	-0.022510573	-0.0727809835	-0.148488791	-0.1026155602	0.061327308399999995	-0.0169150118	0.11689743679999999	-0.1177226355	-0.11001894150000001	0.0886825007	0.0979857	0.0389966	-0.0183268	0.000737742	-0.000349846	0.000862811
-2.091796875	-1709.013427734375	1.26192367	16.1588192	0.98087686	0.06408589999999999	0.11121575800000001	-0.056235798899999995	-0.0221728081	-0.069890427	-0.1275705957	-0.0123018762	0.1135498335	-0.0309312902	-0.020425587	-0.0330309543	0.0677298856	-0.1659316524	-0.1108834569	0.09193466289999999	0.0770634	0.0537606	-0.0194796	0.00121558	-0.000349846	0.0007957129999999998
1821.908935546875	-3542.136474609375	1.25572455	16.07943916	0.92816502	0.03558785	-0.058402383200000005	-0.099389466	-0.0693767891	-0.160045733	0.038600722000000004	0.016845403300000002	0.022001307999999997	0.1006070758	-0.0683443571	0.09128850699999999	0.1458624122	-0.004577265	-0.1116959233	0.0950142274	0.0978062	0.0507686	-0.0182601	0.00142825	-0.000349846	0.0007957119999999999
-2450.590576171875	-2564.509521484375	1.11016154	14.21551895	0.9415974	0.0644766	-0.0111936738	0.106948999	-0.1412552802	-0.0101109696	0.0462863718	0.1223654766	-0.08598180789999998	-0.0375588929	-0.1278884854	0.0780544545	-0.0453784822	-0.055489281200000004	-0.1124559591	0.0979154126	0.0978062	0.037231	-0.0346737	0.000737742	-0.000349846	0.0007957119999999999
-2840.715087890625	-1651.882568359375	1.30854583	16.75581169	0.92631006	0.10295609	0.1064965116	0.0561433643	-0.06873662259999999	-0.0083560054	0.024781770499999998	0.0016544482	0.0350446278	-0.12157074109999999	-0.07642692400000001	-0.0418848348	0.0315377218	-0.0386203765	-0.1131632076	0.10063277179999999	0.097831	0.0369222	-0.00272356	0.00140252	-0.000149145	0.0013436800000000003
-3190.71435546875	-1466.130615234375	1.24341226	15.92178154	0.96277636	0.13858594	0.06921094629999999	-0.0067800338	0.08670298050000001	-0.1255414048	0.09136319539999999	0.0507513157	0.0621701967	-0.0364149427	0.07470909790000001	0.1595565227	-0.03314045	-0.0453494509	-0.1138173369	0.10316120349999999	0.09775180000000003	0.0322688	-0.0368891	0.000389624	-0.000682512	0.000896187
1171.5361328125	-1227.378662109375	1.20829999	15.47217178	0.94330847	0.10193225	-0.0351788404	-0.1312341527	-0.1131321542	0.0467556359	-0.0626897971	0.0467420856	0.0761396854	0.125318567	-0.0813877783	-0.0055994621999999996	-0.026283272799999997	0.0097712254	-0.1144180399	0.1054959609	0.0948218	0.0502067	-0.0199031	0.00124186	-0.000360494	0.0010035
1411.411865234375	-1205.3765869140625	1.06099427	13.58593655	0.92318588	0.0775054	-0.07725725900000001	0.0963955002	-0.0216934592	-0.0002955217	0.0436375814	0.0489631769	-0.1472175575	-0.001223572	-0.047445478799999996	0.053204592300000006	0.0013487793	0.0944983369	-0.11496503460000002	0.1076326606	0.097781	0.0280926	-0.0338543	0.000737742	-0.000360494	0.001269
-622.337646484375	1361.750244140625	1.21568704	15.56676292	0.95573145	0.041458400000000006	0.1099087881	0.052306440999999995	-0.030267243399999998	0.0992421109	0.0511903911	0.0278284495	0.0542474272	-0.1128402931	0.0071689513	-0.049233887000000004	-0.1254623549	-0.0675060243	-0.1154580643	0.10956729119999999	0.0830609	0.0281552	-0.0368656	0.000737742	-0.000360494	0.0007957119999999999
1157.037841796875	2723.252197265625	1.23071837	15.75923824	0.97812837	0.0925413	0.0856364349	-0.0796679995	0.0878868067	0.0510003662	-0.0387456182	-0.0685495246	0.1029907921	0.0089387028	0.0951152301	-0.0700577867	-0.028820693999999997	0.0621629627	-0.1158968974	0.11129622060000001	0.09776290000000003	0.0280812	-0.0179186	0.00129653	-0.000360494	0.00141329
2882.038330078125	4947.25390625	1.40782642	18.02709007	1.04006827	0.151488888	-0.1439595668	-0.0842933808	0.0804028421	0.0394869114	-0.0336115385	0.0402638897	-0.0212609524	0.1573961636	0.1357203976	0.078764877	-0.1104969262	0.0057258807999999994	-0.1162813282	0.11281620310000001	0.0801802	-0.00276843	-0.0603122	0.00201764	2.69516e-06	0.00128433
5290.2890625	2666.00634765625	1.26536274	16.20285606	1.02234983	0.145224588	-0.0624918062	0.0601617969	-0.0054273731000000006	0.0802066213	0.006803714000000001	-0.1265286917	-0.10514640480000001	0.0289394503	-0.0252886821	-0.1501907463	0.0172151629	0.1106022374	-0.116611176	0.1141243849	0.0892726	0.0331834	-0.0253888	0.00121284	-0.000360494	0.00114718
-1214.335205078125	953.1331787109376	1.26445878	16.19128036	0.95979941	0.05814475	0.0139685529	0.0797245657	0.1241508002	-0.05697250190000001	-0.0959464058	0.0322110242	-0.0347655077	-0.0716314042	0.1508735341	0.0326555529	0.047674140999999996	-0.0181654495	-0.11688628599999999	0.1152183101	0.08018709999999998	0.0332178	-0.0301898	0.0008700049999999998	-0.000610494	0.0008555379999999998
1109.540283203125	718.635009765625	1.56024408	19.97878456	0.98998231	0.032637300000000015	0.0317743748	-0.1267281193	0.006597829699999999	-0.0301761239	0.055915534	-0.0321310476	0.1017161925	0.0589143279	0.0043522643	-0.0475079877	0.0246344447	-0.0018946531	-0.1171065292	0.116095925	0.0801873	0.0332168	-0.0301929	0.00121284	-0.000360495	0.0007957119999999999
-1150.459228515625	-1799.113037109375	1.23307812	15.78945446	1.02001357	0.035718999999999994	-0.1695757671	0.0062973474	-0.01462478	-0.0773461109	-0.0622925367	0.07372897190000001	-0.110311011	0.1036729339	-0.0069279888	0.06804025009999999	0.0031892705	-0.046315141	-0.1172718021	0.11675558189999999	0.0952623	0.0331813	-0.0301928	0.00121284	-0.000360495	0.00120788
-153.333251953125	780.5140380859375	1.1590271	14.84123802	0.97491395	0.08017794999999998	0.04342574019999999	0.1205205564	-0.0615525653	0.027768465899999997	0.0163910531	0.0418487613	-0.0378005476	-0.09147993970000001	-0.0237477017	0.0295759737	-0.1287234286	0.0046183531	-0.11738202710000001	0.1171960424	0.0730988	0.0332416	-0.0462932	0.000787933	-0.000360495	0.0007957119999999999
337.667236328125	1790.5159912109375	1.21508026	15.55899239	0.94414681	0.1301432424	0.10805846470000001	0.0066755880000000005	-0.0098874873	0.0683243883	-0.08454351269999999	0.0353378254	0.0696553176	-0.0771225296	0.0165451945	-0.0683459524	-0.0246504598	0.060741019400000006	-0.1174371526	0.11741647960000001	0.0810078	0.0304679	-9.06576e-05	0.00159442	-0.00017029	0.00126418
